-- --------------------------------------------------------
-- Host:                         127.0.0.1
-- Versión del servidor:         8.0.30 - MySQL Community Server - GPL
-- SO del servidor:              Win64
-- HeidiSQL Versión:             12.1.0.6537
-- --------------------------------------------------------

/*!40101 SET @OLD_CHARACTER_SET_CLIENT=@@CHARACTER_SET_CLIENT */;
/*!40101 SET NAMES utf8 */;
/*!50503 SET NAMES utf8mb4 */;
/*!40103 SET @OLD_TIME_ZONE=@@TIME_ZONE */;
/*!40103 SET TIME_ZONE='+00:00' */;
/*!40014 SET @OLD_FOREIGN_KEY_CHECKS=@@FOREIGN_KEY_CHECKS, FOREIGN_KEY_CHECKS=0 */;
/*!40101 SET @OLD_SQL_MODE=@@SQL_MODE, SQL_MODE='NO_AUTO_VALUE_ON_ZERO' */;
/*!40111 SET @OLD_SQL_NOTES=@@SQL_NOTES, SQL_NOTES=0 */;


-- Volcando estructura de base de datos para medidorelectrico
CREATE DATABASE IF NOT EXISTS `medidorelectrico` /*!40100 DEFAULT CHARACTER SET utf8mb4 COLLATE utf8mb4_0900_ai_ci */ /*!80016 DEFAULT ENCRYPTION='N' */;
USE `medidorelectrico`;

-- Volcando estructura para tabla medidorelectrico.blogs
CREATE TABLE IF NOT EXISTS `blogs` (
  `id` bigint unsigned NOT NULL AUTO_INCREMENT,
  `titulo` varchar(191) COLLATE utf8mb3_unicode_ci NOT NULL,
  `contenido` text COLLATE utf8mb3_unicode_ci NOT NULL,
  `created_at` timestamp NULL DEFAULT NULL,
  `updated_at` timestamp NULL DEFAULT NULL,
  PRIMARY KEY (`id`)
) ENGINE=InnoDB DEFAULT CHARSET=utf8mb3 COLLATE=utf8mb3_unicode_ci;

-- Volcando datos para la tabla medidorelectrico.blogs: ~0 rows (aproximadamente)

-- Volcando estructura para tabla medidorelectrico.consumo_mensual
CREATE TABLE IF NOT EXISTS `consumo_mensual` (
  `id` int NOT NULL AUTO_INCREMENT,
  `año` int unsigned DEFAULT NULL,
  `verano` tinyint DEFAULT NULL,
  `mes` tinyint unsigned DEFAULT NULL,
  `rango_inf` int DEFAULT NULL,
  `rango_sup` int DEFAULT NULL,
  `basico` decimal(20,6) unsigned DEFAULT NULL,
  `intermedio` decimal(20,6) unsigned DEFAULT NULL,
  `excedente` decimal(20,6) unsigned DEFAULT NULL,
  `id_tarifa` int DEFAULT NULL,
  PRIMARY KEY (`id`),
  KEY `id_tarifa` (`id_tarifa`),
  CONSTRAINT `consumo_mensual_ibfk_1` FOREIGN KEY (`id_tarifa`) REFERENCES `tarifas` (`id`)
) ENGINE=InnoDB AUTO_INCREMENT=13 DEFAULT CHARSET=utf8mb4 COLLATE=utf8mb4_0900_ai_ci;

-- Volcando datos para la tabla medidorelectrico.consumo_mensual: ~12 rows (aproximadamente)
INSERT INTO `consumo_mensual` (`id`, `año`, `verano`, `mes`, `rango_inf`, `rango_sup`, `basico`, `intermedio`, `excedente`, `id_tarifa`) VALUES
	(1, 2023, 0, 1, 75, 140, 0.945000, 1.153000, 3.367000, 1),
	(2, 2023, 0, 2, 75, 140, 0.951000, 1.160000, 3.388000, 1),
	(3, 2023, 0, 3, 75, 140, 0.957000, 1.167000, 3.409000, 1),
	(4, 2023, 0, 4, 75, 140, 0.963000, 1.174000, 3.430000, 1),
	(5, 2023, 0, 5, 75, 140, 0.969000, 1.181000, 3.452000, 1),
	(6, 2023, 0, 6, 75, 140, 0.975000, 1.188000, 3.474000, 1),
	(7, 2023, 0, 7, 75, 140, 0.981000, 1.195000, 3.496000, 1),
	(8, 2023, 0, 8, 75, 140, 0.987000, 1.203000, 3.518000, 1),
	(9, 2023, 0, 9, 75, 140, 0.993000, 1.211000, 3.540000, 1),
	(10, 2023, 0, 10, 75, 140, 0.999000, 1.219000, 3.562000, 1),
	(11, 2023, 0, 11, 75, 140, 1.005000, 1.227000, 3.584000, 1),
	(12, 2023, 0, 12, 75, 140, 1.011000, 1.235000, 3.607000, 1);

-- Volcando estructura para tabla medidorelectrico.consumo_ubicacion
CREATE TABLE IF NOT EXISTS `consumo_ubicacion` (
  `ID` int NOT NULL,
  `DATE_TIME` datetime DEFAULT NULL,
  `Cocina` float DEFAULT NULL,
  `sala` float DEFAULT NULL,
  `comedor` float DEFAULT NULL,
  `patio` float DEFAULT NULL,
  `patio_trasero` float DEFAULT NULL,
  `cuarto` float DEFAULT NULL,
  `baño` float DEFAULT NULL,
  `garage` float DEFAULT NULL,
  PRIMARY KEY (`ID`)
) ENGINE=InnoDB DEFAULT CHARSET=utf8mb4 COLLATE=utf8mb4_0900_ai_ci;

-- Volcando datos para la tabla medidorelectrico.consumo_ubicacion: ~10 rows (aproximadamente)
INSERT INTO `consumo_ubicacion` (`ID`, `DATE_TIME`, `Cocina`, `sala`, `comedor`, `patio`, `patio_trasero`, `cuarto`, `baño`, `garage`) VALUES
	(1, '2023-01-01 00:00:00', 5.85127, 5.74091, 4.53455, 6.49091, 5.57364, 4.81, 4.58309, 5.70036),
	(2, '2023-01-02 00:00:00', 5.77721, 5.71582, 4.62376, 6.34915, 5.55727, 4.82267, 4.74085, 5.75806),
	(3, '2023-01-03 00:00:00', 5.70315, 5.69073, 4.71297, 6.20739, 5.54091, 4.83533, 4.89861, 5.81576),
	(4, '2023-01-04 00:00:00', 5.62909, 5.66564, 4.80218, 6.06564, 5.52455, 4.848, 5.05636, 5.87345),
	(5, '2023-01-05 00:00:00', 5.55503, 5.64055, 4.89139, 5.92388, 5.50818, 4.86067, 5.21412, 5.93115),
	(6, '2023-01-06 00:00:00', 5.48097, 5.61545, 4.98061, 5.78212, 5.49182, 4.87333, 5.37188, 5.98885),
	(7, '2023-01-07 00:00:00', 5.40691, 5.59036, 5.06982, 5.64036, 5.47545, 4.886, 5.52964, 6.04655),
	(8, '2023-01-08 00:00:00', 5.33285, 5.56527, 5.15903, 5.49861, 5.45909, 4.89867, 5.68739, 6.10424),
	(9, '2023-01-09 00:00:00', 5.25879, 5.54018, 5.24824, 5.35685, 5.44273, 4.91133, 5.84515, 6.16194),
	(10, '2023-01-10 00:00:00', 5.18473, 5.51509, 5.33745, 5.21509, 5.42636, 4.924, 6.00291, 6.21964);

-- Volcando estructura para tabla medidorelectrico.failed_jobs
CREATE TABLE IF NOT EXISTS `failed_jobs` (
  `id` bigint unsigned NOT NULL AUTO_INCREMENT,
  `uuid` varchar(191) COLLATE utf8mb3_unicode_ci NOT NULL,
  `connection` text COLLATE utf8mb3_unicode_ci NOT NULL,
  `queue` text COLLATE utf8mb3_unicode_ci NOT NULL,
  `payload` longtext COLLATE utf8mb3_unicode_ci NOT NULL,
  `exception` longtext COLLATE utf8mb3_unicode_ci NOT NULL,
  `failed_at` timestamp NOT NULL DEFAULT CURRENT_TIMESTAMP,
  PRIMARY KEY (`id`),
  UNIQUE KEY `failed_jobs_uuid_unique` (`uuid`)
) ENGINE=InnoDB DEFAULT CHARSET=utf8mb3 COLLATE=utf8mb3_unicode_ci;

-- Volcando datos para la tabla medidorelectrico.failed_jobs: ~0 rows (aproximadamente)

-- Volcando estructura para vista medidorelectrico.kwh_user
-- Creando tabla temporal para superar errores de dependencia de VIEW
CREATE TABLE `kwh_user` (
	`kwh` DOUBLE NULL
) ENGINE=MyISAM;

-- Volcando estructura para tabla medidorelectrico.migrations
CREATE TABLE IF NOT EXISTS `migrations` (
  `id` int unsigned NOT NULL AUTO_INCREMENT,
  `migration` varchar(191) COLLATE utf8mb3_unicode_ci NOT NULL,
  `batch` int NOT NULL,
  PRIMARY KEY (`id`)
) ENGINE=InnoDB AUTO_INCREMENT=9 DEFAULT CHARSET=utf8mb3 COLLATE=utf8mb3_unicode_ci;

-- Volcando datos para la tabla medidorelectrico.migrations: ~0 rows (aproximadamente)
INSERT INTO `migrations` (`id`, `migration`, `batch`) VALUES
	(1, '2014_10_12_000000_create_users_table', 1),
	(2, '2014_10_12_100000_create_password_reset_tokens_table', 1),
	(3, '2014_10_12_100000_create_password_resets_table', 1),
	(4, '2019_08_19_000000_create_failed_jobs_table', 1),
	(5, '2019_12_14_000001_create_personal_access_tokens_table', 1),
	(6, '2021_08_22_012813_create_permission_tables', 1),
	(7, '2021_08_22_020736_create_blogs_table', 1),
	(8, '2023_08_04_020331_create_sensors_table', 1);

-- Volcando estructura para tabla medidorelectrico.model_has_permissions
CREATE TABLE IF NOT EXISTS `model_has_permissions` (
  `permission_id` bigint unsigned NOT NULL,
  `model_type` varchar(191) COLLATE utf8mb3_unicode_ci NOT NULL,
  `model_id` bigint unsigned NOT NULL,
  PRIMARY KEY (`permission_id`,`model_id`,`model_type`),
  KEY `model_has_permissions_model_id_model_type_index` (`model_id`,`model_type`),
  CONSTRAINT `model_has_permissions_permission_id_foreign` FOREIGN KEY (`permission_id`) REFERENCES `permissions` (`id`) ON DELETE CASCADE
) ENGINE=InnoDB DEFAULT CHARSET=utf8mb3 COLLATE=utf8mb3_unicode_ci;

-- Volcando datos para la tabla medidorelectrico.model_has_permissions: ~0 rows (aproximadamente)

-- Volcando estructura para tabla medidorelectrico.model_has_roles
CREATE TABLE IF NOT EXISTS `model_has_roles` (
  `role_id` bigint unsigned NOT NULL,
  `model_type` varchar(191) COLLATE utf8mb3_unicode_ci NOT NULL,
  `model_id` bigint unsigned NOT NULL,
  PRIMARY KEY (`role_id`,`model_id`,`model_type`),
  KEY `model_has_roles_model_id_model_type_index` (`model_id`,`model_type`),
  CONSTRAINT `model_has_roles_role_id_foreign` FOREIGN KEY (`role_id`) REFERENCES `roles` (`id`) ON DELETE CASCADE
) ENGINE=InnoDB DEFAULT CHARSET=utf8mb3 COLLATE=utf8mb3_unicode_ci;

-- Volcando datos para la tabla medidorelectrico.model_has_roles: ~0 rows (aproximadamente)
INSERT INTO `model_has_roles` (`role_id`, `model_type`, `model_id`) VALUES
	(1, 'App\\Models\\User', 1);

-- Volcando estructura para tabla medidorelectrico.password_resets
CREATE TABLE IF NOT EXISTS `password_resets` (
  `email` varchar(191) COLLATE utf8mb3_unicode_ci NOT NULL,
  `token` varchar(191) COLLATE utf8mb3_unicode_ci NOT NULL,
  `created_at` timestamp NULL DEFAULT NULL,
  KEY `password_resets_email_index` (`email`)
) ENGINE=InnoDB DEFAULT CHARSET=utf8mb3 COLLATE=utf8mb3_unicode_ci;

-- Volcando datos para la tabla medidorelectrico.password_resets: ~0 rows (aproximadamente)

-- Volcando estructura para tabla medidorelectrico.password_reset_tokens
CREATE TABLE IF NOT EXISTS `password_reset_tokens` (
  `email` varchar(191) COLLATE utf8mb3_unicode_ci NOT NULL,
  `token` varchar(191) COLLATE utf8mb3_unicode_ci NOT NULL,
  `created_at` timestamp NULL DEFAULT NULL,
  PRIMARY KEY (`email`)
) ENGINE=InnoDB DEFAULT CHARSET=utf8mb3 COLLATE=utf8mb3_unicode_ci;

-- Volcando datos para la tabla medidorelectrico.password_reset_tokens: ~0 rows (aproximadamente)

-- Volcando estructura para tabla medidorelectrico.permissions
CREATE TABLE IF NOT EXISTS `permissions` (
  `id` bigint unsigned NOT NULL AUTO_INCREMENT,
  `name` varchar(191) COLLATE utf8mb3_unicode_ci NOT NULL,
  `guard_name` varchar(191) COLLATE utf8mb3_unicode_ci NOT NULL,
  `created_at` timestamp NULL DEFAULT NULL,
  `updated_at` timestamp NULL DEFAULT NULL,
  PRIMARY KEY (`id`),
  UNIQUE KEY `permissions_name_guard_name_unique` (`name`,`guard_name`)
) ENGINE=InnoDB AUTO_INCREMENT=17 DEFAULT CHARSET=utf8mb3 COLLATE=utf8mb3_unicode_ci;

-- Volcando datos para la tabla medidorelectrico.permissions: ~16 rows (aproximadamente)
INSERT INTO `permissions` (`id`, `name`, `guard_name`, `created_at`, `updated_at`) VALUES
	(1, 'ver-sensor', 'web', '2023-11-23 03:15:08', '2023-11-23 03:15:08'),
	(2, 'crear-sensor', 'web', '2023-11-23 03:15:08', '2023-11-23 03:15:08'),
	(3, 'editar-sensor', 'web', '2023-11-23 03:15:08', '2023-11-23 03:15:08'),
	(4, 'borrar-sensor', 'web', '2023-11-23 03:15:08', '2023-11-23 03:15:08'),
	(5, 'ver-user', 'web', '2023-11-23 09:25:11', '2023-11-23 09:25:11'),
	(6, 'crear-user', 'web', '2023-11-23 09:25:11', '2023-11-23 09:25:11'),
	(7, 'editar-user', 'web', '2023-11-23 09:25:11', '2023-11-23 09:25:11'),
	(8, 'borrar-user', 'web', '2023-11-23 09:25:11', '2023-11-23 09:25:11'),
	(9, 'ver-rol', 'web', '2023-11-23 09:25:11', '2023-11-23 09:25:11'),
	(10, 'crear-rol', 'web', '2023-11-23 09:25:11', '2023-11-23 09:25:11'),
	(11, 'editar-rol', 'web', '2023-11-23 09:25:11', '2023-11-23 09:25:11'),
	(12, 'borrar-rol', 'web', '2023-11-23 09:25:11', '2023-11-23 09:25:11'),
	(13, 'ver-blog', 'web', '2023-11-23 09:25:11', '2023-11-23 09:25:11'),
	(14, 'crear-blog', 'web', '2023-11-23 09:25:11', '2023-11-23 09:25:11'),
	(15, 'editar-blog', 'web', '2023-11-23 09:25:11', '2023-11-23 09:25:11'),
	(16, 'borrar-blog', 'web', '2023-11-23 09:25:11', '2023-11-23 09:25:11');

-- Volcando estructura para tabla medidorelectrico.personal_access_tokens
CREATE TABLE IF NOT EXISTS `personal_access_tokens` (
  `id` bigint unsigned NOT NULL AUTO_INCREMENT,
  `tokenable_type` varchar(191) COLLATE utf8mb3_unicode_ci NOT NULL,
  `tokenable_id` bigint unsigned NOT NULL,
  `name` varchar(191) COLLATE utf8mb3_unicode_ci NOT NULL,
  `token` varchar(64) COLLATE utf8mb3_unicode_ci NOT NULL,
  `abilities` text COLLATE utf8mb3_unicode_ci,
  `last_used_at` timestamp NULL DEFAULT NULL,
  `created_at` timestamp NULL DEFAULT NULL,
  `updated_at` timestamp NULL DEFAULT NULL,
  PRIMARY KEY (`id`),
  UNIQUE KEY `personal_access_tokens_token_unique` (`token`),
  KEY `personal_access_tokens_tokenable_type_tokenable_id_index` (`tokenable_type`,`tokenable_id`)
) ENGINE=InnoDB DEFAULT CHARSET=utf8mb3 COLLATE=utf8mb3_unicode_ci;

-- Volcando datos para la tabla medidorelectrico.personal_access_tokens: ~0 rows (aproximadamente)

-- Volcando estructura para tabla medidorelectrico.readings
CREATE TABLE IF NOT EXISTS `readings` (
  `id` bigint unsigned DEFAULT NULL,
  `date` datetime DEFAULT NULL,
  `kwh` double DEFAULT NULL,
  KEY `id` (`id`),
  CONSTRAINT `readings_ibfk_1` FOREIGN KEY (`id`) REFERENCES `sensors` (`id`)
) ENGINE=InnoDB DEFAULT CHARSET=utf8mb4 COLLATE=utf8mb4_0900_ai_ci;

-- Volcando datos para la tabla medidorelectrico.readings: ~1,460 rows (aproximadamente)
INSERT INTO `readings` (`id`, `date`, `kwh`) VALUES
	(1, '2022-01-01 00:00:00', 0.27889285714285716),
	(1, '2022-01-02 00:00:00', 0.2802142857142857),
	(1, '2022-01-03 00:00:00', 0.2815357142857143),
	(1, '2022-01-04 00:00:00', 0.28285714285714286),
	(1, '2022-01-05 00:00:00', 0.2841785714285714),
	(1, '2022-01-06 00:00:00', 0.2855),
	(1, '2022-01-07 00:00:00', 0.28682142857142856),
	(1, '2022-01-08 00:00:00', 0.2881428571428571),
	(1, '2022-01-09 00:00:00', 0.2894642857142857),
	(1, '2022-01-10 00:00:00', 0.29078571428571426),
	(1, '2022-01-11 00:00:00', 0.2921071428571428),
	(1, '2022-01-12 00:00:00', 0.29342857142857137),
	(1, '2022-01-13 00:00:00', 0.29474999999999996),
	(1, '2022-01-14 00:00:00', 0.2960714285714285),
	(1, '2022-01-15 00:00:00', 0.29739285714285707),
	(1, '2022-01-16 00:00:00', 0.29871428571428565),
	(1, '2022-01-17 00:00:00', 0.3000357142857142),
	(1, '2022-01-18 00:00:00', 0.30135714285714277),
	(1, '2022-01-19 00:00:00', 0.30267857142857135),
	(1, '2022-01-20 00:00:00', 0.30399999999999994),
	(1, '2022-01-21 00:00:00', 0.30532142857142847),
	(1, '2022-01-22 00:00:00', 0.30664285714285705),
	(1, '2022-01-23 00:00:00', 0.30796428571428563),
	(1, '2022-01-24 00:00:00', 0.30928571428571416),
	(1, '2022-01-25 00:00:00', 0.31060714285714275),
	(1, '2022-01-26 00:00:00', 0.31192857142857133),
	(1, '2022-01-27 00:00:00', 0.31324999999999986),
	(1, '2022-01-28 00:00:00', 0.31457142857142845),
	(1, '2022-01-29 00:00:00', 0.31589285714285703),
	(1, '2022-01-30 00:00:00', 0.31721428571428556),
	(1, '2022-01-31 00:00:00', 0.31853571428571414),
	(1, '2022-02-01 00:00:00', 0.27889285714285716),
	(1, '2022-02-02 00:00:00', 0.2802142857142857),
	(1, '2022-02-03 00:00:00', 0.2815357142857143),
	(1, '2022-02-04 00:00:00', 0.28285714285714286),
	(1, '2022-02-05 00:00:00', 0.2841785714285714),
	(1, '2022-02-06 00:00:00', 0.2855),
	(1, '2022-02-07 00:00:00', 0.28682142857142856),
	(1, '2022-02-08 00:00:00', 0.2881428571428571),
	(1, '2022-02-09 00:00:00', 0.2894642857142857),
	(1, '2022-02-10 00:00:00', 0.29078571428571426),
	(1, '2022-02-11 00:00:00', 0.2921071428571428),
	(1, '2022-02-12 00:00:00', 0.29342857142857137),
	(1, '2022-02-13 00:00:00', 0.29474999999999996),
	(1, '2022-02-14 00:00:00', 0.2960714285714285),
	(1, '2022-02-15 00:00:00', 0.29739285714285707),
	(1, '2022-02-16 00:00:00', 0.29871428571428565),
	(1, '2022-02-17 00:00:00', 0.3000357142857142),
	(1, '2022-02-18 00:00:00', 0.30135714285714277),
	(1, '2022-02-19 00:00:00', 0.30267857142857135),
	(1, '2022-02-20 00:00:00', 0.30399999999999994),
	(1, '2022-02-21 00:00:00', 0.30532142857142847),
	(1, '2022-02-22 00:00:00', 0.30664285714285705),
	(1, '2022-02-23 00:00:00', 0.30796428571428563),
	(1, '2022-02-24 00:00:00', 0.30928571428571416),
	(1, '2022-02-25 00:00:00', 0.31060714285714275),
	(1, '2022-02-26 00:00:00', 0.31192857142857133),
	(1, '2022-02-27 00:00:00', 0.31324999999999986),
	(1, '2022-02-28 00:00:00', 0.31457142857142845),
	(1, '2022-03-01 00:00:00', 0.27889285714285716),
	(1, '2022-03-02 00:00:00', 0.2802142857142857),
	(1, '2022-03-03 00:00:00', 0.2815357142857143),
	(1, '2022-03-04 00:00:00', 0.28285714285714286),
	(1, '2022-03-05 00:00:00', 0.2841785714285714),
	(1, '2022-03-06 00:00:00', 0.2855),
	(1, '2022-03-07 00:00:00', 0.28682142857142856),
	(1, '2022-03-08 00:00:00', 0.2881428571428571),
	(1, '2022-03-09 00:00:00', 0.2894642857142857),
	(1, '2022-03-10 00:00:00', 0.29078571428571426),
	(1, '2022-03-11 00:00:00', 0.2921071428571428),
	(1, '2022-03-12 00:00:00', 0.29342857142857137),
	(1, '2022-03-13 00:00:00', 0.29474999999999996),
	(1, '2022-03-14 00:00:00', 0.2960714285714285),
	(1, '2022-03-15 00:00:00', 0.29739285714285707),
	(1, '2022-03-16 00:00:00', 0.29871428571428565),
	(1, '2022-03-17 00:00:00', 0.3000357142857142),
	(1, '2022-03-18 00:00:00', 0.30135714285714277),
	(1, '2022-03-19 00:00:00', 0.30267857142857135),
	(1, '2022-03-20 00:00:00', 0.30399999999999994),
	(1, '2022-03-21 00:00:00', 0.30532142857142847),
	(1, '2022-03-22 00:00:00', 0.30664285714285705),
	(1, '2022-03-23 00:00:00', 0.30796428571428563),
	(1, '2022-03-24 00:00:00', 0.30928571428571416),
	(1, '2022-03-25 00:00:00', 0.31060714285714275),
	(1, '2022-03-26 00:00:00', 0.31192857142857133),
	(1, '2022-03-27 00:00:00', 0.31324999999999986),
	(1, '2022-03-28 00:00:00', 0.31457142857142845),
	(1, '2022-03-29 00:00:00', 0.31589285714285703),
	(1, '2022-03-30 00:00:00', 0.31721428571428556),
	(1, '2022-03-31 00:00:00', 0.31853571428571414),
	(1, '2022-04-01 00:00:00', 0.27889285714285716),
	(1, '2022-04-02 00:00:00', 0.2802142857142857),
	(1, '2022-04-03 00:00:00', 0.2815357142857143),
	(1, '2022-04-04 00:00:00', 0.28285714285714286),
	(1, '2022-04-05 00:00:00', 0.2841785714285714),
	(1, '2022-04-06 00:00:00', 0.2855),
	(1, '2022-04-07 00:00:00', 0.28682142857142856),
	(1, '2022-04-08 00:00:00', 0.2881428571428571),
	(1, '2022-04-09 00:00:00', 0.2894642857142857),
	(1, '2022-04-10 00:00:00', 0.29078571428571426),
	(1, '2022-04-11 00:00:00', 0.2921071428571428),
	(1, '2022-04-12 00:00:00', 0.29342857142857137),
	(1, '2022-04-13 00:00:00', 0.29474999999999996),
	(1, '2022-04-14 00:00:00', 0.2960714285714285),
	(1, '2022-04-15 00:00:00', 0.29739285714285707),
	(1, '2022-04-16 00:00:00', 0.29871428571428565),
	(1, '2022-04-17 00:00:00', 0.3000357142857142),
	(1, '2022-04-18 00:00:00', 0.30135714285714277),
	(1, '2022-04-19 00:00:00', 0.30267857142857135),
	(1, '2022-04-20 00:00:00', 0.30399999999999994),
	(1, '2022-04-21 00:00:00', 0.30532142857142847),
	(1, '2022-04-22 00:00:00', 0.30664285714285705),
	(1, '2022-04-23 00:00:00', 0.30796428571428563),
	(1, '2022-04-24 00:00:00', 0.30928571428571416),
	(1, '2022-04-25 00:00:00', 0.31060714285714275),
	(1, '2022-04-26 00:00:00', 0.31192857142857133),
	(1, '2022-04-27 00:00:00', 0.31324999999999986),
	(1, '2022-04-28 00:00:00', 0.31457142857142845),
	(1, '2022-04-29 00:00:00', 0.31589285714285703),
	(1, '2022-04-30 00:00:00', 0.31721428571428556),
	(1, '2022-05-01 00:00:00', 0.27889285714285716),
	(1, '2022-05-02 00:00:00', 0.2802142857142857),
	(1, '2022-05-03 00:00:00', 0.2815357142857143),
	(1, '2022-05-04 00:00:00', 0.28285714285714286),
	(1, '2022-05-05 00:00:00', 0.2841785714285714),
	(1, '2022-05-06 00:00:00', 0.2855),
	(1, '2022-05-07 00:00:00', 0.28682142857142856),
	(1, '2022-05-08 00:00:00', 0.2881428571428571),
	(1, '2022-05-09 00:00:00', 0.2894642857142857),
	(1, '2022-05-10 00:00:00', 0.29078571428571426),
	(1, '2022-05-11 00:00:00', 0.2921071428571428),
	(1, '2022-05-12 00:00:00', 0.29342857142857137),
	(1, '2022-05-13 00:00:00', 0.29474999999999996),
	(1, '2022-05-14 00:00:00', 0.2960714285714285),
	(1, '2022-05-15 00:00:00', 0.29739285714285707),
	(1, '2022-05-16 00:00:00', 0.29871428571428565),
	(1, '2022-05-17 00:00:00', 0.3000357142857142),
	(1, '2022-05-18 00:00:00', 0.30135714285714277),
	(1, '2022-05-19 00:00:00', 0.30267857142857135),
	(1, '2022-05-20 00:00:00', 0.30399999999999994),
	(1, '2022-05-21 00:00:00', 0.30532142857142847),
	(1, '2022-05-22 00:00:00', 0.30664285714285705),
	(1, '2022-05-23 00:00:00', 0.30796428571428563),
	(1, '2022-05-24 00:00:00', 0.30928571428571416),
	(1, '2022-05-25 00:00:00', 0.31060714285714275),
	(1, '2022-05-26 00:00:00', 0.31192857142857133),
	(1, '2022-05-27 00:00:00', 0.31324999999999986),
	(1, '2022-05-28 00:00:00', 0.31457142857142845),
	(1, '2022-05-29 00:00:00', 0.31589285714285703),
	(1, '2022-05-30 00:00:00', 0.31721428571428556),
	(1, '2022-05-31 00:00:00', 0.31853571428571414),
	(1, '2022-06-01 00:00:00', 0.27889285714285716),
	(1, '2022-06-02 00:00:00', 0.2802142857142857),
	(1, '2022-06-03 00:00:00', 0.2815357142857143),
	(1, '2022-06-04 00:00:00', 0.28285714285714286),
	(1, '2022-06-05 00:00:00', 0.2841785714285714),
	(1, '2022-06-06 00:00:00', 0.2855),
	(1, '2022-06-07 00:00:00', 0.28682142857142856),
	(1, '2022-06-08 00:00:00', 0.2881428571428571),
	(1, '2022-06-09 00:00:00', 0.2894642857142857),
	(1, '2022-06-10 00:00:00', 0.29078571428571426),
	(1, '2022-06-11 00:00:00', 0.2921071428571428),
	(1, '2022-06-12 00:00:00', 0.29342857142857137),
	(1, '2022-06-13 00:00:00', 0.29474999999999996),
	(1, '2022-06-14 00:00:00', 0.2960714285714285),
	(1, '2022-06-15 00:00:00', 0.29739285714285707),
	(1, '2022-06-16 00:00:00', 0.29871428571428565),
	(1, '2022-06-17 00:00:00', 0.3000357142857142),
	(1, '2022-06-18 00:00:00', 0.30135714285714277),
	(1, '2022-06-19 00:00:00', 0.30267857142857135),
	(1, '2022-06-20 00:00:00', 0.30399999999999994),
	(1, '2022-06-21 00:00:00', 0.30532142857142847),
	(1, '2022-06-22 00:00:00', 0.30664285714285705),
	(1, '2022-06-23 00:00:00', 0.30796428571428563),
	(1, '2022-06-24 00:00:00', 0.30928571428571416),
	(1, '2022-06-25 00:00:00', 0.31060714285714275),
	(1, '2022-06-26 00:00:00', 0.31192857142857133),
	(1, '2022-06-27 00:00:00', 0.31324999999999986),
	(1, '2022-06-28 00:00:00', 0.31457142857142845),
	(1, '2022-06-29 00:00:00', 0.31589285714285703),
	(1, '2022-06-30 00:00:00', 0.31721428571428556),
	(1, '2022-07-01 00:00:00', 0.27889285714285716),
	(1, '2022-07-02 00:00:00', 0.2802142857142857),
	(1, '2022-07-03 00:00:00', 0.2815357142857143),
	(1, '2022-07-04 00:00:00', 0.28285714285714286),
	(1, '2022-07-05 00:00:00', 0.2841785714285714),
	(1, '2022-07-06 00:00:00', 0.2855),
	(1, '2022-07-07 00:00:00', 0.28682142857142856),
	(1, '2022-07-08 00:00:00', 0.2881428571428571),
	(1, '2022-07-09 00:00:00', 0.2894642857142857),
	(1, '2022-07-10 00:00:00', 0.29078571428571426),
	(1, '2022-07-11 00:00:00', 0.2921071428571428),
	(1, '2022-07-12 00:00:00', 0.29342857142857137),
	(1, '2022-07-13 00:00:00', 0.29474999999999996),
	(1, '2022-07-14 00:00:00', 0.2960714285714285),
	(1, '2022-07-15 00:00:00', 0.29739285714285707),
	(1, '2022-07-16 00:00:00', 0.29871428571428565),
	(1, '2022-07-17 00:00:00', 0.3000357142857142),
	(1, '2022-07-18 00:00:00', 0.30135714285714277),
	(1, '2022-07-19 00:00:00', 0.30267857142857135),
	(1, '2022-07-20 00:00:00', 0.30399999999999994),
	(1, '2022-07-21 00:00:00', 0.30532142857142847),
	(1, '2022-07-22 00:00:00', 0.30664285714285705),
	(1, '2022-07-23 00:00:00', 0.30796428571428563),
	(1, '2022-07-24 00:00:00', 0.30928571428571416),
	(1, '2022-07-25 00:00:00', 0.31060714285714275),
	(1, '2022-07-26 00:00:00', 0.31192857142857133),
	(1, '2022-07-27 00:00:00', 0.31324999999999986),
	(1, '2022-07-28 00:00:00', 0.31457142857142845),
	(1, '2022-07-29 00:00:00', 0.31589285714285703),
	(1, '2022-07-30 00:00:00', 0.31721428571428556),
	(1, '2022-07-31 00:00:00', 0.31853571428571414),
	(1, '2022-08-01 00:00:00', 0.27889285714285716),
	(1, '2022-08-02 00:00:00', 0.2802142857142857),
	(1, '2022-08-03 00:00:00', 0.2815357142857143),
	(1, '2022-08-04 00:00:00', 0.28285714285714286),
	(1, '2022-08-05 00:00:00', 0.2841785714285714),
	(1, '2022-08-06 00:00:00', 0.2855),
	(1, '2022-08-07 00:00:00', 0.28682142857142856),
	(1, '2022-08-08 00:00:00', 0.2881428571428571),
	(1, '2022-08-09 00:00:00', 0.2894642857142857),
	(1, '2022-08-10 00:00:00', 0.29078571428571426),
	(1, '2022-08-11 00:00:00', 0.2921071428571428),
	(1, '2022-08-12 00:00:00', 0.29342857142857137),
	(1, '2022-08-13 00:00:00', 0.29474999999999996),
	(1, '2022-08-14 00:00:00', 0.2960714285714285),
	(1, '2022-08-15 00:00:00', 0.29739285714285707),
	(1, '2022-08-16 00:00:00', 0.29871428571428565),
	(1, '2022-08-17 00:00:00', 0.3000357142857142),
	(1, '2022-08-18 00:00:00', 0.30135714285714277),
	(1, '2022-08-19 00:00:00', 0.30267857142857135),
	(1, '2022-08-20 00:00:00', 0.30399999999999994),
	(1, '2022-08-21 00:00:00', 0.30532142857142847),
	(1, '2022-08-22 00:00:00', 0.30664285714285705),
	(1, '2022-08-23 00:00:00', 0.30796428571428563),
	(1, '2022-08-24 00:00:00', 0.30928571428571416),
	(1, '2022-08-25 00:00:00', 0.31060714285714275),
	(1, '2022-08-26 00:00:00', 0.31192857142857133),
	(1, '2022-08-27 00:00:00', 0.31324999999999986),
	(1, '2022-08-28 00:00:00', 0.31457142857142845),
	(1, '2022-08-29 00:00:00', 0.31589285714285703),
	(1, '2022-08-30 00:00:00', 0.31721428571428556),
	(1, '2022-08-31 00:00:00', 0.31853571428571414),
	(1, '2022-09-01 00:00:00', 0.27889285714285716),
	(1, '2022-09-02 00:00:00', 0.2802142857142857),
	(1, '2022-09-03 00:00:00', 0.2815357142857143),
	(1, '2022-09-04 00:00:00', 0.28285714285714286),
	(1, '2022-09-05 00:00:00', 0.2841785714285714),
	(1, '2022-09-06 00:00:00', 0.2855),
	(1, '2022-09-07 00:00:00', 0.28682142857142856),
	(1, '2022-09-08 00:00:00', 0.2881428571428571),
	(1, '2022-09-09 00:00:00', 0.2894642857142857),
	(1, '2022-09-10 00:00:00', 0.29078571428571426),
	(1, '2022-09-11 00:00:00', 0.2921071428571428),
	(1, '2022-09-12 00:00:00', 0.29342857142857137),
	(1, '2022-09-13 00:00:00', 0.29474999999999996),
	(1, '2022-09-14 00:00:00', 0.2960714285714285),
	(1, '2022-09-15 00:00:00', 0.29739285714285707),
	(1, '2022-09-16 00:00:00', 0.29871428571428565),
	(1, '2022-09-17 00:00:00', 0.3000357142857142),
	(1, '2022-09-18 00:00:00', 0.30135714285714277),
	(1, '2022-09-19 00:00:00', 0.30267857142857135),
	(1, '2022-09-20 00:00:00', 0.30399999999999994),
	(1, '2022-09-21 00:00:00', 0.30532142857142847),
	(1, '2022-09-22 00:00:00', 0.30664285714285705),
	(1, '2022-09-23 00:00:00', 0.30796428571428563),
	(1, '2022-09-24 00:00:00', 0.30928571428571416),
	(1, '2022-09-25 00:00:00', 0.31060714285714275),
	(1, '2022-09-26 00:00:00', 0.31192857142857133),
	(1, '2022-09-27 00:00:00', 0.31324999999999986),
	(1, '2022-09-28 00:00:00', 0.31457142857142845),
	(1, '2022-09-29 00:00:00', 0.31589285714285703),
	(1, '2022-09-30 00:00:00', 0.31721428571428556),
	(1, '2022-10-01 00:00:00', 0.27889285714285716),
	(1, '2022-10-02 00:00:00', 0.2802142857142857),
	(1, '2022-10-03 00:00:00', 0.2815357142857143),
	(1, '2022-10-04 00:00:00', 0.28285714285714286),
	(1, '2022-10-05 00:00:00', 0.2841785714285714),
	(1, '2022-10-06 00:00:00', 0.2855),
	(1, '2022-10-07 00:00:00', 0.28682142857142856),
	(1, '2022-10-08 00:00:00', 0.2881428571428571),
	(1, '2022-10-09 00:00:00', 0.2894642857142857),
	(1, '2022-10-10 00:00:00', 0.29078571428571426),
	(1, '2022-10-11 00:00:00', 0.2921071428571428),
	(1, '2022-10-12 00:00:00', 0.29342857142857137),
	(1, '2022-10-13 00:00:00', 0.29474999999999996),
	(1, '2022-10-14 00:00:00', 0.2960714285714285),
	(1, '2022-10-15 00:00:00', 0.29739285714285707),
	(1, '2022-10-16 00:00:00', 0.29871428571428565),
	(1, '2022-10-17 00:00:00', 0.3000357142857142),
	(1, '2022-10-18 00:00:00', 0.30135714285714277),
	(1, '2022-10-19 00:00:00', 0.30267857142857135),
	(1, '2022-10-20 00:00:00', 0.30399999999999994),
	(1, '2022-10-21 00:00:00', 0.30532142857142847),
	(1, '2022-10-22 00:00:00', 0.30664285714285705),
	(1, '2022-10-23 00:00:00', 0.30796428571428563),
	(1, '2022-10-24 00:00:00', 0.30928571428571416),
	(1, '2022-10-25 00:00:00', 0.31060714285714275),
	(1, '2022-10-26 00:00:00', 0.31192857142857133),
	(1, '2022-10-27 00:00:00', 0.31324999999999986),
	(1, '2022-10-28 00:00:00', 0.31457142857142845),
	(1, '2022-10-29 00:00:00', 0.31589285714285703),
	(1, '2022-10-30 00:00:00', 0.31721428571428556),
	(1, '2022-10-31 00:00:00', 0.31853571428571414),
	(1, '2022-11-01 00:00:00', 0.27889285714285716),
	(1, '2022-11-02 00:00:00', 0.2802142857142857),
	(1, '2022-11-03 00:00:00', 0.2815357142857143),
	(1, '2022-11-04 00:00:00', 0.28285714285714286),
	(1, '2022-11-05 00:00:00', 0.2841785714285714),
	(1, '2022-11-06 00:00:00', 0.2855),
	(1, '2022-11-07 00:00:00', 0.28682142857142856),
	(1, '2022-11-08 00:00:00', 0.2881428571428571),
	(1, '2022-11-09 00:00:00', 0.2894642857142857),
	(1, '2022-11-10 00:00:00', 0.29078571428571426),
	(1, '2022-11-11 00:00:00', 0.2921071428571428),
	(1, '2022-11-12 00:00:00', 0.29342857142857137),
	(1, '2022-11-13 00:00:00', 0.29474999999999996),
	(1, '2022-11-14 00:00:00', 0.2960714285714285),
	(1, '2022-11-15 00:00:00', 0.29739285714285707),
	(1, '2022-11-16 00:00:00', 0.29871428571428565),
	(1, '2022-11-17 00:00:00', 0.3000357142857142),
	(1, '2022-11-18 00:00:00', 0.30135714285714277),
	(1, '2022-11-19 00:00:00', 0.30267857142857135),
	(1, '2022-11-20 00:00:00', 0.30399999999999994),
	(1, '2022-11-21 00:00:00', 0.30532142857142847),
	(1, '2022-11-22 00:00:00', 0.30664285714285705),
	(1, '2022-11-23 00:00:00', 0.30796428571428563),
	(1, '2022-11-24 00:00:00', 0.30928571428571416),
	(1, '2022-11-25 00:00:00', 0.31060714285714275),
	(1, '2022-11-26 00:00:00', 0.31192857142857133),
	(1, '2022-11-27 00:00:00', 0.31324999999999986),
	(1, '2022-11-28 00:00:00', 0.31457142857142845),
	(1, '2022-11-29 00:00:00', 0.31589285714285703),
	(1, '2022-11-30 00:00:00', 0.31721428571428556),
	(1, '2022-12-01 00:00:00', 0.27889285714285716),
	(1, '2022-12-02 00:00:00', 0.2802142857142857),
	(1, '2022-12-03 00:00:00', 0.2815357142857143),
	(1, '2022-12-04 00:00:00', 0.28285714285714286),
	(1, '2022-12-05 00:00:00', 0.2841785714285714),
	(1, '2022-12-06 00:00:00', 0.2855),
	(1, '2022-12-07 00:00:00', 0.28682142857142856),
	(1, '2022-12-08 00:00:00', 0.2881428571428571),
	(1, '2022-12-09 00:00:00', 0.2894642857142857),
	(1, '2022-12-10 00:00:00', 0.29078571428571426),
	(1, '2022-12-11 00:00:00', 0.2921071428571428),
	(1, '2022-12-12 00:00:00', 0.29342857142857137),
	(1, '2022-12-13 00:00:00', 0.29474999999999996),
	(1, '2022-12-14 00:00:00', 0.2960714285714285),
	(1, '2022-12-15 00:00:00', 0.29739285714285707),
	(1, '2022-12-16 00:00:00', 0.29871428571428565),
	(1, '2022-12-17 00:00:00', 0.3000357142857142),
	(1, '2022-12-18 00:00:00', 0.30135714285714277),
	(1, '2022-12-19 00:00:00', 0.30267857142857135),
	(1, '2022-12-20 00:00:00', 0.30399999999999994),
	(1, '2022-12-21 00:00:00', 0.30532142857142847),
	(1, '2022-12-22 00:00:00', 0.30664285714285705),
	(1, '2022-12-23 00:00:00', 0.30796428571428563),
	(1, '2022-12-24 00:00:00', 0.30928571428571416),
	(1, '2022-12-25 00:00:00', 0.31060714285714275),
	(1, '2022-12-26 00:00:00', 0.31192857142857133),
	(1, '2022-12-27 00:00:00', 0.31324999999999986),
	(1, '2022-12-28 00:00:00', 0.31457142857142845),
	(1, '2022-12-29 00:00:00', 0.31589285714285703),
	(1, '2022-12-30 00:00:00', 0.31721428571428556),
	(1, '2022-12-31 00:00:00', 0.31853571428571414),
	(1, '2023-01-01 00:00:00', 0.3717915104265725),
	(1, '2023-01-02 00:00:00', 0.3679137029517179),
	(1, '2023-01-03 00:00:00', 0.36043442474927107),
	(1, '2023-01-04 00:00:00', 0.35756510929297824),
	(1, '2023-01-05 00:00:00', 0.3526516425643198),
	(1, '2023-01-06 00:00:00', 0.3495555176091866),
	(1, '2023-01-07 00:00:00', 0.34630086154646084),
	(1, '2023-01-08 00:00:00', 0.34420002999436977),
	(1, '2023-01-09 00:00:00', 0.34133282442268537),
	(1, '2023-01-10 00:00:00', 0.3404166148099883),
	(1, '2023-01-11 00:00:00', 0.33769374249617484),
	(1, '2023-01-12 00:00:00', 0.3385266260051493),
	(1, '2023-01-13 00:00:00', 0.3371852061462808),
	(1, '2023-01-14 00:00:00', 0.33534961891671994),
	(1, '2023-01-15 00:00:00', 0.3321142274453071),
	(1, '2023-01-16 00:00:00', 0.3300669681456),
	(1, '2023-01-17 00:00:00', 0.32766494049229666),
	(1, '2023-01-18 00:00:00', 0.3251633559798618),
	(1, '2023-01-19 00:00:00', 0.3235609845629976),
	(1, '2023-01-20 00:00:00', 0.32197138094223426),
	(1, '2023-01-21 00:00:00', 0.3202613414727711),
	(1, '2023-01-22 00:00:00', 0.3198033492095808),
	(1, '2023-01-23 00:00:00', 0.3179284381154825),
	(1, '2023-01-24 00:00:00', 0.3194394197557373),
	(1, '2023-01-25 00:00:00', 0.3187718546676882),
	(1, '2023-01-26 00:00:00', 0.31734855722968625),
	(1, '2023-01-27 00:00:00', 0.31463657213346835),
	(1, '2023-01-28 00:00:00', 0.31294709879784893),
	(1, '2023-01-29 00:00:00', 0.31096359359022285),
	(1, '2023-01-30 00:00:00', 0.30877375074141666),
	(1, '2023-01-31 00:00:00', 0.30751420661270035),
	(1, '2023-02-01 00:00:00', 0.30619716612987263),
	(1, '2023-02-02 00:00:00', 0.3047743516119849),
	(1, '2023-02-03 00:00:00', 0.3045563134246425),
	(1, '2023-02-04 00:00:00', 0.3029254733636879),
	(1, '2023-02-05 00:00:00', 0.30464680515212406),
	(1, '2023-02-06 00:00:00', 0.3042165174154555),
	(1, '2023-02-07 00:00:00', 0.30300324437101794),
	(1, '2023-02-08 00:00:00', 0.30049574101477183),
	(1, '2023-02-09 00:00:00', 0.2989908323524174),
	(1, '2023-02-10 00:00:00', 0.2971853155448195),
	(1, '2023-02-11 00:00:00', 0.29515842579094376),
	(1, '2023-02-12 00:00:00', 0.2940550772258853),
	(1, '2023-02-13 00:00:00', 0.2928825264105541),
	(1, '2023-02-14 00:00:00', 0.2915982739144404),
	(1, '2023-02-15 00:00:00', 0.29150947146514944),
	(1, '2023-02-16 00:00:00', 0.290001801152334),
	(1, '2023-02-17 00:00:00', 0.2918386677788384),
	(1, '2023-02-18 00:00:00', 0.2915344606781022),
	(1, '2023-02-19 00:00:00', 0.2904390121468891),
	(1, '2023-02-20 00:00:00', 0.2880436453732057),
	(1, '2023-02-21 00:00:00', 0.28664407181859386),
	(1, '2023-02-22 00:00:00', 0.2849387154791348),
	(1, '2023-02-23 00:00:00', 0.28300625987902533),
	(1, '2023-02-24 00:00:00', 0.2819926893281309),
	(1, '2023-02-25 00:00:00', 0.2809050092197386),
	(1, '2023-02-26 00:00:00', 0.27970191541374534),
	(1, '2023-02-27 00:00:00', 0.2796900426817528),
	(1, '2023-02-28 00:00:00', 0.27825555840140903),
	(1, '2023-03-01 00:00:00', 0.2801619042058048),
	(1, '2023-03-02 00:00:00', 0.27993474661181766),
	(1, '2023-03-03 00:00:00', 0.2789119590551413),
	(1, '2023-03-04 00:00:00', 0.27658591380796094),
	(1, '2023-03-05 00:00:00', 0.2752519155229948),
	(1, '2023-03-06 00:00:00', 0.2736090610952032),
	(1, '2023-03-07 00:00:00', 0.2717358506827952),
	(1, '2023-03-08 00:00:00', 0.2707787245234023),
	(1, '2023-03-09 00:00:00', 0.2697446167729487),
	(1, '2023-03-10 00:00:00', 0.2685929303805509),
	(1, '2023-03-11 00:00:00', 0.26862993365437227),
	(1, '2023-03-12 00:00:00', 0.2672420088884269),
	(1, '2023-03-13 00:00:00', 0.26919264645948904),
	(1, '2023-03-14 00:00:00', 0.2690156933690554),
	(1, '2023-03-15 00:00:00', 0.2680403256003101),
	(1, '2023-03-16 00:00:00', 0.2657596102416747),
	(1, '2023-03-17 00:00:00', 0.2644685346032218),
	(1, '2023-03-18 00:00:00', 0.262866639445433),
	(1, '2023-03-19 00:00:00', 0.261032268091086),
	(1, '2023-03-20 00:00:00', 0.2601121612098963),
	(1, '2023-03-21 00:00:00', 0.25911317805574957),
	(1, '2023-03-22 00:00:00', 0.2579952577584107),
	(1, '2023-03-23 00:00:00', 0.2580643400311757),
	(1, '2023-03-24 00:00:00', 0.25670694463053434),
	(1, '2023-03-25 00:00:00', 0.2586865823977256),
	(1, '2023-03-26 00:00:00', 0.2585434020407331),
	(1, '2023-03-27 00:00:00', 0.2575998813074624),
	(1, '2023-03-28 00:00:00', 0.25534960282416996),
	(1, '2023-03-29 00:00:00', 0.2540872884628852),
	(1, '2023-03-30 00:00:00', 0.2525128068317354),
	(1, '2023-03-31 00:00:00', 0.25070436176933086),
	(1, '2023-04-01 00:00:00', 0.24980891500097907),
	(1, '2023-04-02 00:00:00', 0.24883325158078384),
	(1, '2023-04-03 00:00:00', 0.24773774294591047),
	(1, '2023-04-04 00:00:00', 0.2478280360438204),
	(1, '2023-04-05 00:00:00', 0.24649074843315877),
	(1, '2023-04-06 00:00:00', 0.24848939680625068),
	(1, '2023-04-07 00:00:00', 0.24836917708949377),
	(1, '2023-04-08 00:00:00', 0.24744720642864168),
	(1, '2023-04-09 00:00:00', 0.24521747066008157),
	(1, '2023-04-10 00:00:00', 0.24397446696034028),
	(1, '2023-04-11 00:00:00', 0.24241831947733697),
	(1, '2023-04-12 00:00:00', 0.24062710943116192),
	(1, '2023-04-13 00:00:00', 0.23974797030540915),
	(1, '2023-04-14 00:00:00', 0.23878761794774145),
	(1, '2023-04-15 00:00:00', 0.23770678329345452),
	(1, '2023-04-16 00:00:00', 0.23781085403118005),
	(1, '2023-04-17 00:00:00', 0.23648652151209099),
	(1, '2023-04-18 00:00:00', 0.2384973011555356),
	(1, '2023-04-19 00:00:00', 0.23839255025176695),
	(1, '2023-04-20 00:00:00', 0.23748497022292905),
	(1, '2023-04-21 00:00:00', 0.23526887377327074),
	(1, '2023-04-22 00:00:00', 0.2340385656014511),
	(1, '2023-04-23 00:00:00', 0.232494376481389),
	(1, '2023-04-24 00:00:00', 0.23071427990774968),
	(1, '2023-04-25 00:00:00', 0.2298455478937668),
	(1, '2023-04-26 00:00:00', 0.2288948331900941),
	(1, '2023-04-27 00:00:00', 0.2278231717756504),
	(1, '2023-04-28 00:00:00', 0.22793572191529526),
	(1, '2023-04-29 00:00:00', 0.22661923301715842),
	(1, '2023-04-30 00:00:00', 0.22863721569515083),
	(1, '2023-05-01 00:00:00', 0.2285425367515657),
	(1, '2023-05-02 00:00:00', 0.22764417698637263),
	(1, '2023-05-03 00:00:00', 0.22543672130247314),
	(1, '2023-05-04 00:00:00', 0.22421430751406332),
	(1, '2023-05-05 00:00:00', 0.2226774381171483),
	(1, '2023-05-06 00:00:00', 0.22090399151314685),
	(1, '2023-05-07 00:00:00', 0.2200413545927973),
	(1, '2023-05-08 00:00:00', 0.2190961229966939),
	(1, '2023-05-09 00:00:00', 0.2180295952515399),
	(1, '2023-05-10 00:00:00', 0.2181467262962355),
	(1, '2023-05-11 00:00:00', 0.21683431269224093),
	(1, '2023-05-12 00:00:00', 0.21885585851578335),
	(1, '2023-05-13 00:00:00', 0.21876724467944783),
	(1, '2023-05-14 00:00:00', 0.2178742593609595),
	(1, '2023-05-15 00:00:00', 0.21567171894728543),
	(1, '2023-05-16 00:00:00', 0.21445361491385842),
	(1, '2023-05-17 00:00:00', 0.2129205955508368),
	(1, '2023-05-18 00:00:00', 0.21115045476175212),
	(1, '2023-05-19 00:00:00', 0.21029067677126936),
	(1, '2023-05-20 00:00:00', 0.20934780557171354),
	(1, '2023-05-21 00:00:00', 0.20828336804269454),
	(1, '2023-05-22 00:00:00', 0.20840213852819336),
	(1, '2023-05-23 00:00:00', 0.20709095285447024),
	(1, '2023-05-24 00:00:00', 0.20911330777173368),
	(1, '2023-05-25 00:00:00', 0.2090277118403064),
	(1, '2023-05-26 00:00:00', 0.20813717225470177),
	(1, '2023-05-27 00:00:00', 0.20593670561368244),
	(1, '2023-05-28 00:00:00', 0.2047201737541094),
	(1, '2023-05-29 00:00:00', 0.20318835088148027),
	(1, '2023-05-30 00:00:00', 0.20141895529122486),
	(1, '2023-05-31 00:00:00', 0.20055955510057752),
	(1, '2023-06-01 00:00:00', 0.199616647500756),
	(1, '2023-06-02 00:00:00', 0.1985519595695258),
	(1, '2023-06-03 00:00:00', 0.19867010487673958),
	(1, '2023-06-04 00:00:00', 0.19735795260582684),
	(1, '2023-06-05 00:00:00', 0.1993789919028391),
	(1, '2023-06-06 00:00:00', 0.19929405091037794),
	(1, '2023-06-07 00:00:00', 0.19840368376267636),
	(1, '2023-06-08 00:00:00', 0.19620308264286968),
	(1, '2023-06-09 00:00:00', 0.19498599349455276),
	(1, '2023-06-10 00:00:00', 0.19345330080315598),
	(1, '2023-06-11 00:00:00', 0.19168265475195828),
	(1, '2023-06-12 00:00:00', 0.19082169677957472),
	(1, '2023-06-13 00:00:00', 0.1898768815331277),
	(1, '2023-06-14 00:00:00', 0.1888101126918787),
	(1, '2023-06-15 00:00:00', 0.18892586039165177),
	(1, '2023-06-16 00:00:00', 0.1876110226223145),
	(1, '2023-06-17 00:00:00', 0.18962908092740272),
	(1, '2023-06-18 00:00:00', 0.18954293294550772),
	(1, '2023-06-19 00:00:00', 0.18865094578659602),
	(1, '2023-06-20 00:00:00', 0.18644846741854487),
	(1, '2023-06-21 00:00:00', 0.18522913933975105),
	(1, '2023-06-22 00:00:00', 0.18369394375562076),
	(1, '2023-06-23 00:00:00', 0.18192046910109005),
	(1, '2023-06-24 00:00:00', 0.18105642164144048),
	(1, '2023-06-25 00:00:00', 0.1801082172081453),
	(1, '2023-06-26 00:00:00', 0.179037916025385),
	(1, '2023-06-27 00:00:00', 0.1791498600268841),
	(1, '2023-06-28 00:00:00', 0.1778309724202926),
	(1, '2023-06-29 00:00:00', 0.17984472730104434),
	(1, '2023-06-30 00:00:00', 0.1797558855951476),
	(1, '2023-07-01 00:00:00', 0.17886084661247753),
	(1, '2023-07-02 00:00:00', 0.1766550979077567),
	(1, '2023-07-03 00:00:00', 0.17543218617393475),
	(1, '2023-07-04 00:00:00', 0.17389318106657936),
	(1, '2023-07-05 00:00:00', 0.17211561471496667),
	(1, '2023-07-06 00:00:00', 0.17124725126093066),
	(1, '2023-07-07 00:00:00', 0.17029447098894562),
	(1, '2023-07-08 00:00:00', 0.16921947342532434),
	(1, '2023-07-09 00:00:00', 0.1693264857388524),
	(1, '2023-07-10 00:00:00', 0.1680024534684657),
	(1, '2023-07-11 00:00:00', 0.17001084349674794),
	(1, '2023-07-12 00:00:00', 0.1699181076954031),
	(1, '2023-07-13 00:00:00', 0.1690188606858366),
	(1, '2023-07-14 00:00:00', 0.1668087161594714),
	(1, '2023-07-15 00:00:00', 0.1655811342026337),
	(1, '2023-07-16 00:00:00', 0.16403726339598912),
	(1, '2023-07-17 00:00:00', 0.16225458425251932),
	(1, '2023-07-18 00:00:00', 0.16138091301670254),
	(1, '2023-07-19 00:00:00', 0.1604225972995939),
	(1, '2023-07-20 00:00:00', 0.15934196096605568),
	(1, '2023-07-21 00:00:00', 0.15944312832317425),
	(1, '2023-07-22 00:00:00', 0.1581130648798995),
	(1, '2023-07-23 00:00:00', 0.16011523058055926),
	(1, '2023-07-24 00:00:00', 0.1600176224910766),
	(1, '2023-07-25 00:00:00', 0.1591132253175907),
	(1, '2023-07-26 00:00:00', 0.15689776757480245),
	(1, '2023-07-27 00:00:00', 0.15566462977970413),
	(1, '2023-07-28 00:00:00', 0.1541150322684418),
	(1, '2023-07-29 00:00:00', 0.1523264080068522),
	(1, '2023-07-30 00:00:00', 0.15144662048193192),
	(1, '2023-07-31 00:00:00', 0.15048198716689337),
	(1, '2023-08-01 00:00:00', 0.1493949431769287),
	(1, '2023-08-02 00:00:00', 0.1494895205434119),
	(1, '2023-08-03 00:00:00', 0.14815270278530784),
	(1, '2023-08-04 00:00:00', 0.15014794319846536),
	(1, '2023-08-05 00:00:00', 0.15004465948324452),
	(1, '2023-08-06 00:00:00', 0.1491343386305085),
	(1, '2023-08-07 00:00:00', 0.14691281435414),
	(1, '2023-08-08 00:00:00', 0.14567339369261229),
	(1, '2023-08-09 00:00:00', 0.14411736263887825),
	(1, '2023-08-10 00:00:00', 0.1423221101664257),
	(1, '2023-08-11 00:00:00', 0.14143554286693044),
	(1, '2023-08-12 00:00:00', 0.14046395032219489),
	(1, '2023-08-13 00:00:00', 0.13936986737306833),
	(1, '2023-08-14 00:00:00', 0.13945724322429853),
	(1, '2023-08-15 00:00:00', 0.13811307775712417),
	(1, '2023-08-16 00:00:00', 0.14010081790982798),
	(1, '2023-08-17 00:00:00', 0.1399911945714018),
	(1, '2023-08-18 00:00:00', 0.13907431099689083),
	(1, '2023-08-19 00:00:00', 0.1368460978303822),
	(1, '2023-08-20 00:00:00', 0.13559979394366584),
	(1, '2023-08-21 00:00:00', 0.13403674574656788),
	(1, '2023-08-22 00:00:00', 0.13223430134531644),
	(1, '2023-08-23 00:00:00', 0.13134040687802295),
	(1, '2023-08-24 00:00:00', 0.13036132603364825),
	(1, '2023-08-25 00:00:00', 0.12925968317228836),
	(1, '2023-08-26 00:00:00', 0.12933935313499512),
	(1, '2023-08-27 00:00:00', 0.12798735076447093),
	(1, '2023-08-28 00:00:00', 0.12996711692544322),
	(1, '2023-08-29 00:00:00', 0.1298506022344228),
	(1, '2023-08-30 00:00:00', 0.1289266253083069),
	(1, '2023-08-31 00:00:00', 0.12669120655345611),
	(1, '2023-09-01 00:00:00', 0.1254375213397413),
	(1, '2023-09-02 00:00:00', 0.12386697195153534),
	(1, '2023-09-03 00:00:00', 0.12205686839132007),
	(1, '2023-09-04 00:00:00', 0.12115519325670016),
	(1, '2023-09-05 00:00:00', 0.12016818612918762),
	(1, '2023-09-06 00:00:00', 0.11905855180392272),
	(1, '2023-09-07 00:00:00', 0.11913009836167099),
	(1, '2023-09-08 00:00:00', 0.1177698544038554),
	(1, '2023-09-09 00:00:00', 0.1197412549943333),
	(1, '2023-09-10 00:00:00', 0.11961738856509208),
	(1, '2023-09-11 00:00:00', 0.11868587590821533),
	(1, '2023-09-12 00:00:00', 0.11644282092928454),
	(1, '2023-09-13 00:00:00', 0.11518133961891691),
	(1, '2023-09-14 00:00:00', 0.11360288616701258),
	(1, '2023-09-15 00:00:00', 0.11178473492946572),
	(1, '2023-09-16 00:00:00', 0.1108749022642066),
	(1, '2023-09-17 00:00:00', 0.10987960524663282),
	(1, '2023-09-18 00:00:00', 0.10876162098605097),
	(1, '2023-09-19 00:00:00', 0.10882469765378405),
	(1, '2023-09-20 00:00:00', 0.1074558765681265),
	(1, '2023-09-21 00:00:00', 0.10941858725119175),
	(1, '2023-09-22 00:00:00', 0.10928698366756273),
	(1, '2023-09-23 00:00:00', 0.10834756536006218),
	(1, '2023-09-24 00:00:00', 0.10609651422174904),
	(1, '2023-09-25 00:00:00', 0.10482689052890926),
	(1, '2023-09-26 00:00:00', 0.10324019688401148),
	(1, '2023-09-27 00:00:00', 0.10141367419224823),
	(1, '2023-09-28 00:00:00', 0.10049537019512411),
	(1, '2023-09-29 00:00:00', 0.09949148090367388),
	(1, '2023-09-30 00:00:00', 0.09836484845349497),
	(1, '2023-10-01 00:00:00', 0.09841916729557088),
	(1, '2023-10-02 00:00:00', 0.09704149055540401),
	(1, '2023-10-03 00:00:00', 0.09899524245802588),
	(1, '2023-10-04 00:00:00', 0.0988555783160851),
	(1, '2023-10-05 00:00:00', 0.09790794439199269),
	(1, '2023-10-06 00:00:00', 0.09564859568413314),
	(1, '2023-10-07 00:00:00', 0.09437054003004608),
	(1, '2023-10-08 00:00:00', 0.09277532535082722),
	(1, '2023-10-09 00:00:00', 0.09094016107264535),
	(1, '2023-10-10 00:00:00', 0.09001312421443924),
	(1, '2023-10-11 00:00:00', 0.08900039102567925),
	(1, '2023-10-12 00:00:00', 0.087864862105349),
	(1, '2023-10-13 00:00:00', 0.08791018378899323),
	(1, '2023-10-14 00:00:00', 0.08652342020936965),
	(1, '2023-10-15 00:00:00', 0.08846799052451754),
	(1, '2023-10-16 00:00:00', 0.08831999407566316),
	(1, '2023-10-17 00:00:00', 0.0873638845204952),
	(1, '2023-10-18 00:00:00', 0.08509598561260678),
	(1, '2023-10-19 00:00:00', 0.08380925569298087),
	(1, '2023-10-20 00:00:00', 0.08220528524468057),
	(1, '2023-10-21 00:00:00', 0.08036125399300131),
	(1, '2023-10-22 00:00:00', 0.07942526635724728),
	(1, '2023-10-23 00:00:00', 0.07840348000661973),
	(1, '2023-10-24 00:00:00', 0.07725884807515998),
	(1, '2023-10-25 00:00:00', 0.07729497387020173),
	(1, '2023-10-26 00:00:00', 0.07589893182370822),
	(1, '2023-10-27 00:00:00', 0.07783413624260616),
	(1, '2023-10-28 00:00:00', 0.07767757903916411),
	(1, '2023-10-29 00:00:00', 0.0767127757167978),
	(1, '2023-10-30 00:00:00', 0.07443611488723734),
	(1, '2023-10-31 00:00:00', 0.07314050804981431),
	(1, '2023-11-01 00:00:00', 0.0715275857802018),
	(1, '2023-11-02 00:00:00', 0.0696744997130086),
	(1, '2023-11-03 00:00:00', 0.06872937998624568),
	(1, '2023-11-04 00:00:00', 0.06769836676345703),
	(1, '2023-11-05 00:00:00', 0.06654446034371769),
	(1, '2023-11-06 00:00:00', 0.06657122563306977),
	(1, '2023-11-07 00:00:00', 0.065165746732264),
	(1, '2023-11-08 00:00:00', 0.06709143329941009),
	(1, '2023-11-09 00:00:00', 0.06692612339928361),
	(1, '2023-11-10 00:00:00', 0.06595244348204654),
	(1, '2023-11-11 00:00:00', 0.06366684350899054),
	(1, '2023-11-12 00:00:00', 0.06236219054370401),
	(1, '2023-11-13 00:00:00', 0.060740153031569655),
	(1, '2023-11-14 00:00:00', 0.05887785598016698),
	(1, '2023-11-15 00:00:00', 0.05792345373242863),
	(1, '2023-11-16 00:00:00', 0.056883069926805474),
	(1, '2023-11-17 00:00:00', 0.0557197471508557),
	(1, '2023-11-18 00:00:00', 0.05573701612562343),
	(1, '2023-11-19 00:00:00', 0.054321970056311564),
	(1, '2023-11-20 00:00:00', 0.0562380141416875),
	(1, '2023-11-21 00:00:00', 0.05606379053891225),
	(1, '2023-11-22 00:00:00', 0.055081081120521236),
	(1, '2023-11-23 00:00:00', 0.05278639402408991),
	(1, '2023-11-24 00:00:00', 0.051472554066383736),
	(1, '2023-11-25 00:00:00', 0.04984126555238544),
	(1, '2023-11-26 00:00:00', 0.047969628197852),
	(1, '2023-11-27 00:00:00', 0.04700581918200025),
	(1, '2023-11-28 00:00:00', 0.04595594651552781),
	(1, '2023-11-29 00:00:00', 0.04478309063591657),
	(1, '2023-11-30 00:00:00', 0.04479075192809978),
	(1, '2023-12-01 00:00:00', 0.04336603219404406),
	(1, '2023-12-02 00:00:00', 0.0452723323506492),
	(1, '2023-12-03 00:00:00', 0.045089060378739665),
	(1, '2023-12-04 00:00:00', 0.04409719402646772),
	(1, '2023-12-05 00:00:00', 0.04179329672552645),
	(1, '2023-12-06 00:00:00', 0.04047015304472429),
	(1, '2023-12-07 00:00:00', 0.038829501323355275),
	(1, '2023-12-08 00:00:00', 0.036948417207443796),
	(1, '2023-12-09 00:00:00', 0.03597509947009836),
	(1, '2023-12-10 00:00:00', 0.03491564131768399),
	(1, '2023-12-11 00:00:00', 0.03373315698927398),
	(1, '2023-12-12 00:00:00', 0.03373112005291512),
	(1, '2023-12-13 00:00:00', 0.03229664044852426),
	(1, '2023-12-14 00:00:00', 0.03419311497743721),
	(1, '2023-12-15 00:00:00', 0.034000682491181544),
	(1, '2023-12-16 00:00:00', 0.03299955355005357),
	(1, '2023-12-17 00:00:00', 0.03068634425184369),
	(1, '2023-12-18 00:00:00', 0.029353800749011283),
	(1, '2023-12-19 00:00:00', 0.027703693751290004),
	(1, '2023-12-20 00:00:00', 0.02581307595701987),
	(1, '2023-12-21 00:00:00', 0.0248301666012124),
	(1, '2023-12-22 00:00:00', 0.02376104484343855),
	(1, '2023-12-23 00:00:00', 0.02256885502490613),
	(1, '2023-12-24 00:00:00', 0.022557047119430296),
	(1, '2023-12-25 00:00:00', 0.021112738788483854),
	(1, '2023-12-26 00:00:00', 0.02299932287377926),
	(1, '2023-12-27 00:00:00', 0.022797637058818654),
	(1, '2023-12-28 00:00:00', 0.021787158562602715),
	(1, '2023-12-29 00:00:00', 0.019464553744013458),
	(1, '2023-12-30 00:00:00', 0.01812253202291847),
	(1, '2023-12-31 00:00:00', 0.0164628949573159),
	(2, '2022-01-01 00:00:00', 0.5324642857142857),
	(2, '2022-01-02 00:00:00', 0.5302142857142857),
	(2, '2022-01-03 00:00:00', 0.5279642857142857),
	(2, '2022-01-04 00:00:00', 0.5257142857142857),
	(2, '2022-01-05 00:00:00', 0.5234642857142857),
	(2, '2022-01-06 00:00:00', 0.5212142857142857),
	(2, '2022-01-07 00:00:00', 0.5189642857142857),
	(2, '2022-01-08 00:00:00', 0.5167142857142857),
	(2, '2022-01-09 00:00:00', 0.5144642857142857),
	(2, '2022-01-10 00:00:00', 0.5122142857142857),
	(2, '2022-01-11 00:00:00', 0.5099642857142856),
	(2, '2022-01-12 00:00:00', 0.5077142857142857),
	(2, '2022-01-13 00:00:00', 0.5054642857142857),
	(2, '2022-01-14 00:00:00', 0.5032142857142857),
	(2, '2022-01-15 00:00:00', 0.5009642857142856),
	(2, '2022-01-16 00:00:00', 0.49871428571428567),
	(2, '2022-01-17 00:00:00', 0.4964642857142857),
	(2, '2022-01-18 00:00:00', 0.49421428571428566),
	(2, '2022-01-19 00:00:00', 0.4919642857142857),
	(2, '2022-01-20 00:00:00', 0.48971428571428566),
	(2, '2022-01-21 00:00:00', 0.4874642857142857),
	(2, '2022-01-22 00:00:00', 0.48521428571428565),
	(2, '2022-01-23 00:00:00', 0.4829642857142857),
	(2, '2022-01-24 00:00:00', 0.48071428571428565),
	(2, '2022-01-25 00:00:00', 0.4784642857142857),
	(2, '2022-01-26 00:00:00', 0.47621428571428565),
	(2, '2022-01-27 00:00:00', 0.47396428571428567),
	(2, '2022-01-28 00:00:00', 0.47171428571428564),
	(2, '2022-01-29 00:00:00', 0.46946428571428567),
	(2, '2022-01-30 00:00:00', 0.46721428571428564),
	(2, '2022-01-31 00:00:00', 0.46496428571428566),
	(2, '2022-02-01 00:00:00', 0.5324642857142857),
	(2, '2022-02-02 00:00:00', 0.5302142857142857),
	(2, '2022-02-03 00:00:00', 0.5279642857142857),
	(2, '2022-02-04 00:00:00', 0.5257142857142857),
	(2, '2022-02-05 00:00:00', 0.5234642857142857),
	(2, '2022-02-06 00:00:00', 0.5212142857142857),
	(2, '2022-02-07 00:00:00', 0.5189642857142857),
	(2, '2022-02-08 00:00:00', 0.5167142857142857),
	(2, '2022-02-09 00:00:00', 0.5144642857142857),
	(2, '2022-02-10 00:00:00', 0.5122142857142857),
	(2, '2022-02-11 00:00:00', 0.5099642857142856),
	(2, '2022-02-12 00:00:00', 0.5077142857142857),
	(2, '2022-02-13 00:00:00', 0.5054642857142857),
	(2, '2022-02-14 00:00:00', 0.5032142857142857),
	(2, '2022-02-15 00:00:00', 0.5009642857142856),
	(2, '2022-02-16 00:00:00', 0.49871428571428567),
	(2, '2022-02-17 00:00:00', 0.4964642857142857),
	(2, '2022-02-18 00:00:00', 0.49421428571428566),
	(2, '2022-02-19 00:00:00', 0.4919642857142857),
	(2, '2022-02-20 00:00:00', 0.48971428571428566),
	(2, '2022-02-21 00:00:00', 0.4874642857142857),
	(2, '2022-02-22 00:00:00', 0.48521428571428565),
	(2, '2022-02-23 00:00:00', 0.4829642857142857),
	(2, '2022-02-24 00:00:00', 0.48071428571428565),
	(2, '2022-02-25 00:00:00', 0.4784642857142857),
	(2, '2022-02-26 00:00:00', 0.47621428571428565),
	(2, '2022-02-27 00:00:00', 0.47396428571428567),
	(2, '2022-02-28 00:00:00', 0.47171428571428564),
	(2, '2022-03-01 00:00:00', 0.5324642857142857),
	(2, '2022-03-02 00:00:00', 0.5302142857142857),
	(2, '2022-03-03 00:00:00', 0.5279642857142857),
	(2, '2022-03-04 00:00:00', 0.5257142857142857),
	(2, '2022-03-05 00:00:00', 0.5234642857142857),
	(2, '2022-03-06 00:00:00', 0.5212142857142857),
	(2, '2022-03-07 00:00:00', 0.5189642857142857),
	(2, '2022-03-08 00:00:00', 0.5167142857142857),
	(2, '2022-03-09 00:00:00', 0.5144642857142857),
	(2, '2022-03-10 00:00:00', 0.5122142857142857),
	(2, '2022-03-11 00:00:00', 0.5099642857142856),
	(2, '2022-03-12 00:00:00', 0.5077142857142857),
	(2, '2022-03-13 00:00:00', 0.5054642857142857),
	(2, '2022-03-14 00:00:00', 0.5032142857142857),
	(2, '2022-03-15 00:00:00', 0.5009642857142856),
	(2, '2022-03-16 00:00:00', 0.49871428571428567),
	(2, '2022-03-17 00:00:00', 0.4964642857142857),
	(2, '2022-03-18 00:00:00', 0.49421428571428566),
	(2, '2022-03-19 00:00:00', 0.4919642857142857),
	(2, '2022-03-20 00:00:00', 0.48971428571428566),
	(2, '2022-03-21 00:00:00', 0.4874642857142857),
	(2, '2022-03-22 00:00:00', 0.48521428571428565),
	(2, '2022-03-23 00:00:00', 0.4829642857142857),
	(2, '2022-03-24 00:00:00', 0.48071428571428565),
	(2, '2022-03-25 00:00:00', 0.4784642857142857),
	(2, '2022-03-26 00:00:00', 0.47621428571428565),
	(2, '2022-03-27 00:00:00', 0.47396428571428567),
	(2, '2022-03-28 00:00:00', 0.47171428571428564),
	(2, '2022-03-29 00:00:00', 0.46946428571428567),
	(2, '2022-03-30 00:00:00', 0.46721428571428564),
	(2, '2022-03-31 00:00:00', 0.46496428571428566),
	(2, '2022-04-01 00:00:00', 0.5324642857142857),
	(2, '2022-04-02 00:00:00', 0.5302142857142857),
	(2, '2022-04-03 00:00:00', 0.5279642857142857),
	(2, '2022-04-04 00:00:00', 0.5257142857142857),
	(2, '2022-04-05 00:00:00', 0.5234642857142857),
	(2, '2022-04-06 00:00:00', 0.5212142857142857),
	(2, '2022-04-07 00:00:00', 0.5189642857142857),
	(2, '2022-04-08 00:00:00', 0.5167142857142857),
	(2, '2022-04-09 00:00:00', 0.5144642857142857),
	(2, '2022-04-10 00:00:00', 0.5122142857142857),
	(2, '2022-04-11 00:00:00', 0.5099642857142856),
	(2, '2022-04-12 00:00:00', 0.5077142857142857),
	(2, '2022-04-13 00:00:00', 0.5054642857142857),
	(2, '2022-04-14 00:00:00', 0.5032142857142857),
	(2, '2022-04-15 00:00:00', 0.5009642857142856),
	(2, '2022-04-16 00:00:00', 0.49871428571428567),
	(2, '2022-04-17 00:00:00', 0.4964642857142857),
	(2, '2022-04-18 00:00:00', 0.49421428571428566),
	(2, '2022-04-19 00:00:00', 0.4919642857142857),
	(2, '2022-04-20 00:00:00', 0.48971428571428566),
	(2, '2022-04-21 00:00:00', 0.4874642857142857),
	(2, '2022-04-22 00:00:00', 0.48521428571428565),
	(2, '2022-04-23 00:00:00', 0.4829642857142857),
	(2, '2022-04-24 00:00:00', 0.48071428571428565),
	(2, '2022-04-25 00:00:00', 0.4784642857142857),
	(2, '2022-04-26 00:00:00', 0.47621428571428565),
	(2, '2022-04-27 00:00:00', 0.47396428571428567),
	(2, '2022-04-28 00:00:00', 0.47171428571428564),
	(2, '2022-04-29 00:00:00', 0.46946428571428567),
	(2, '2022-04-30 00:00:00', 0.46721428571428564),
	(2, '2022-05-01 00:00:00', 0.5324642857142857),
	(2, '2022-05-02 00:00:00', 0.5302142857142857),
	(2, '2022-05-03 00:00:00', 0.5279642857142857),
	(2, '2022-05-04 00:00:00', 0.5257142857142857),
	(2, '2022-05-05 00:00:00', 0.5234642857142857),
	(2, '2022-05-06 00:00:00', 0.5212142857142857),
	(2, '2022-05-07 00:00:00', 0.5189642857142857),
	(2, '2022-05-08 00:00:00', 0.5167142857142857),
	(2, '2022-05-09 00:00:00', 0.5144642857142857),
	(2, '2022-05-10 00:00:00', 0.5122142857142857),
	(2, '2022-05-11 00:00:00', 0.5099642857142856),
	(2, '2022-05-12 00:00:00', 0.5077142857142857),
	(2, '2022-05-13 00:00:00', 0.5054642857142857),
	(2, '2022-05-14 00:00:00', 0.5032142857142857),
	(2, '2022-05-15 00:00:00', 0.5009642857142856),
	(2, '2022-05-16 00:00:00', 0.49871428571428567),
	(2, '2022-05-17 00:00:00', 0.4964642857142857),
	(2, '2022-05-18 00:00:00', 0.49421428571428566),
	(2, '2022-05-19 00:00:00', 0.4919642857142857),
	(2, '2022-05-20 00:00:00', 0.48971428571428566),
	(2, '2022-05-21 00:00:00', 0.4874642857142857),
	(2, '2022-05-22 00:00:00', 0.48521428571428565),
	(2, '2022-05-23 00:00:00', 0.4829642857142857),
	(2, '2022-05-24 00:00:00', 0.48071428571428565),
	(2, '2022-05-25 00:00:00', 0.4784642857142857),
	(2, '2022-05-26 00:00:00', 0.47621428571428565),
	(2, '2022-05-27 00:00:00', 0.47396428571428567),
	(2, '2022-05-28 00:00:00', 0.47171428571428564),
	(2, '2022-05-29 00:00:00', 0.46946428571428567),
	(2, '2022-05-30 00:00:00', 0.46721428571428564),
	(2, '2022-05-31 00:00:00', 0.46496428571428566),
	(2, '2022-06-01 00:00:00', 0.5324642857142857),
	(2, '2022-06-02 00:00:00', 0.5302142857142857),
	(2, '2022-06-03 00:00:00', 0.5279642857142857),
	(2, '2022-06-04 00:00:00', 0.5257142857142857),
	(2, '2022-06-05 00:00:00', 0.5234642857142857),
	(2, '2022-06-06 00:00:00', 0.5212142857142857),
	(2, '2022-06-07 00:00:00', 0.5189642857142857),
	(2, '2022-06-08 00:00:00', 0.5167142857142857),
	(2, '2022-06-09 00:00:00', 0.5144642857142857),
	(2, '2022-06-10 00:00:00', 0.5122142857142857),
	(2, '2022-06-11 00:00:00', 0.5099642857142856),
	(2, '2022-06-12 00:00:00', 0.5077142857142857),
	(2, '2022-06-13 00:00:00', 0.5054642857142857),
	(2, '2022-06-14 00:00:00', 0.5032142857142857),
	(2, '2022-06-15 00:00:00', 0.5009642857142856),
	(2, '2022-06-16 00:00:00', 0.49871428571428567),
	(2, '2022-06-17 00:00:00', 0.4964642857142857),
	(2, '2022-06-18 00:00:00', 0.49421428571428566),
	(2, '2022-06-19 00:00:00', 0.4919642857142857),
	(2, '2022-06-20 00:00:00', 0.48971428571428566),
	(2, '2022-06-21 00:00:00', 0.4874642857142857),
	(2, '2022-06-22 00:00:00', 0.48521428571428565),
	(2, '2022-06-23 00:00:00', 0.4829642857142857),
	(2, '2022-06-24 00:00:00', 0.48071428571428565),
	(2, '2022-06-25 00:00:00', 0.4784642857142857),
	(2, '2022-06-26 00:00:00', 0.47621428571428565),
	(2, '2022-06-27 00:00:00', 0.47396428571428567),
	(2, '2022-06-28 00:00:00', 0.47171428571428564),
	(2, '2022-06-29 00:00:00', 0.46946428571428567),
	(2, '2022-06-30 00:00:00', 0.46721428571428564),
	(2, '2022-07-01 00:00:00', 0.5324642857142857),
	(2, '2022-07-02 00:00:00', 0.5302142857142857),
	(2, '2022-07-03 00:00:00', 0.5279642857142857),
	(2, '2022-07-04 00:00:00', 0.5257142857142857),
	(2, '2022-07-05 00:00:00', 0.5234642857142857),
	(2, '2022-07-06 00:00:00', 0.5212142857142857),
	(2, '2022-07-07 00:00:00', 0.5189642857142857),
	(2, '2022-07-08 00:00:00', 0.5167142857142857),
	(2, '2022-07-09 00:00:00', 0.5144642857142857),
	(2, '2022-07-10 00:00:00', 0.5122142857142857),
	(2, '2022-07-11 00:00:00', 0.5099642857142856),
	(2, '2022-07-12 00:00:00', 0.5077142857142857),
	(2, '2022-07-13 00:00:00', 0.5054642857142857),
	(2, '2022-07-14 00:00:00', 0.5032142857142857),
	(2, '2022-07-15 00:00:00', 0.5009642857142856),
	(2, '2022-07-16 00:00:00', 0.49871428571428567),
	(2, '2022-07-17 00:00:00', 0.4964642857142857),
	(2, '2022-07-18 00:00:00', 0.49421428571428566),
	(2, '2022-07-19 00:00:00', 0.4919642857142857),
	(2, '2022-07-20 00:00:00', 0.48971428571428566),
	(2, '2022-07-21 00:00:00', 0.4874642857142857),
	(2, '2022-07-22 00:00:00', 0.48521428571428565),
	(2, '2022-07-23 00:00:00', 0.4829642857142857),
	(2, '2022-07-24 00:00:00', 0.48071428571428565),
	(2, '2022-07-25 00:00:00', 0.4784642857142857),
	(2, '2022-07-26 00:00:00', 0.47621428571428565),
	(2, '2022-07-27 00:00:00', 0.47396428571428567),
	(2, '2022-07-28 00:00:00', 0.47171428571428564),
	(2, '2022-07-29 00:00:00', 0.46946428571428567),
	(2, '2022-07-30 00:00:00', 0.46721428571428564),
	(2, '2022-07-31 00:00:00', 0.46496428571428566),
	(2, '2022-08-01 00:00:00', 0.5324642857142857),
	(2, '2022-08-02 00:00:00', 0.5302142857142857),
	(2, '2022-08-03 00:00:00', 0.5279642857142857),
	(2, '2022-08-04 00:00:00', 0.5257142857142857),
	(2, '2022-08-05 00:00:00', 0.5234642857142857),
	(2, '2022-08-06 00:00:00', 0.5212142857142857),
	(2, '2022-08-07 00:00:00', 0.5189642857142857),
	(2, '2022-08-08 00:00:00', 0.5167142857142857),
	(2, '2022-08-09 00:00:00', 0.5144642857142857),
	(2, '2022-08-10 00:00:00', 0.5122142857142857),
	(2, '2022-08-11 00:00:00', 0.5099642857142856),
	(2, '2022-08-12 00:00:00', 0.5077142857142857),
	(2, '2022-08-13 00:00:00', 0.5054642857142857),
	(2, '2022-08-14 00:00:00', 0.5032142857142857),
	(2, '2022-08-15 00:00:00', 0.5009642857142856),
	(2, '2022-08-16 00:00:00', 0.49871428571428567),
	(2, '2022-08-17 00:00:00', 0.4964642857142857),
	(2, '2022-08-18 00:00:00', 0.49421428571428566),
	(2, '2022-08-19 00:00:00', 0.4919642857142857),
	(2, '2022-08-20 00:00:00', 0.48971428571428566),
	(2, '2022-08-21 00:00:00', 0.4874642857142857),
	(2, '2022-08-22 00:00:00', 0.48521428571428565),
	(2, '2022-08-23 00:00:00', 0.4829642857142857),
	(2, '2022-08-24 00:00:00', 0.48071428571428565),
	(2, '2022-08-25 00:00:00', 0.4784642857142857),
	(2, '2022-08-26 00:00:00', 0.47621428571428565),
	(2, '2022-08-27 00:00:00', 0.47396428571428567),
	(2, '2022-08-28 00:00:00', 0.47171428571428564),
	(2, '2022-08-29 00:00:00', 0.46946428571428567),
	(2, '2022-08-30 00:00:00', 0.46721428571428564),
	(2, '2022-08-31 00:00:00', 0.46496428571428566),
	(2, '2022-09-01 00:00:00', 0.5324642857142857),
	(2, '2022-09-02 00:00:00', 0.5302142857142857),
	(2, '2022-09-03 00:00:00', 0.5279642857142857),
	(2, '2022-09-04 00:00:00', 0.5257142857142857),
	(2, '2022-09-05 00:00:00', 0.5234642857142857),
	(2, '2022-09-06 00:00:00', 0.5212142857142857),
	(2, '2022-09-07 00:00:00', 0.5189642857142857),
	(2, '2022-09-08 00:00:00', 0.5167142857142857),
	(2, '2022-09-09 00:00:00', 0.5144642857142857),
	(2, '2022-09-10 00:00:00', 0.5122142857142857),
	(2, '2022-09-11 00:00:00', 0.5099642857142856),
	(2, '2022-09-12 00:00:00', 0.5077142857142857),
	(2, '2022-09-13 00:00:00', 0.5054642857142857),
	(2, '2022-09-14 00:00:00', 0.5032142857142857),
	(2, '2022-09-15 00:00:00', 0.5009642857142856),
	(2, '2022-09-16 00:00:00', 0.49871428571428567),
	(2, '2022-09-17 00:00:00', 0.4964642857142857),
	(2, '2022-09-18 00:00:00', 0.49421428571428566),
	(2, '2022-09-19 00:00:00', 0.4919642857142857),
	(2, '2022-09-20 00:00:00', 0.48971428571428566),
	(2, '2022-09-21 00:00:00', 0.4874642857142857),
	(2, '2022-09-22 00:00:00', 0.48521428571428565),
	(2, '2022-09-23 00:00:00', 0.4829642857142857),
	(2, '2022-09-24 00:00:00', 0.48071428571428565),
	(2, '2022-09-25 00:00:00', 0.4784642857142857),
	(2, '2022-09-26 00:00:00', 0.47621428571428565),
	(2, '2022-09-27 00:00:00', 0.47396428571428567),
	(2, '2022-09-28 00:00:00', 0.47171428571428564),
	(2, '2022-09-29 00:00:00', 0.46946428571428567),
	(2, '2022-09-30 00:00:00', 0.46721428571428564),
	(2, '2022-10-01 00:00:00', 0.5324642857142857),
	(2, '2022-10-02 00:00:00', 0.5302142857142857),
	(2, '2022-10-03 00:00:00', 0.5279642857142857),
	(2, '2022-10-04 00:00:00', 0.5257142857142857),
	(2, '2022-10-05 00:00:00', 0.5234642857142857),
	(2, '2022-10-06 00:00:00', 0.5212142857142857),
	(2, '2022-10-07 00:00:00', 0.5189642857142857),
	(2, '2022-10-08 00:00:00', 0.5167142857142857),
	(2, '2022-10-09 00:00:00', 0.5144642857142857),
	(2, '2022-10-10 00:00:00', 0.5122142857142857),
	(2, '2022-10-11 00:00:00', 0.5099642857142856),
	(2, '2022-10-12 00:00:00', 0.5077142857142857),
	(2, '2022-10-13 00:00:00', 0.5054642857142857),
	(2, '2022-10-14 00:00:00', 0.5032142857142857),
	(2, '2022-10-15 00:00:00', 0.5009642857142856),
	(2, '2022-10-16 00:00:00', 0.49871428571428567),
	(2, '2022-10-17 00:00:00', 0.4964642857142857),
	(2, '2022-10-18 00:00:00', 0.49421428571428566),
	(2, '2022-10-19 00:00:00', 0.4919642857142857),
	(2, '2022-10-20 00:00:00', 0.48971428571428566),
	(2, '2022-10-21 00:00:00', 0.4874642857142857),
	(2, '2022-10-22 00:00:00', 0.48521428571428565),
	(2, '2022-10-23 00:00:00', 0.4829642857142857),
	(2, '2022-10-24 00:00:00', 0.48071428571428565),
	(2, '2022-10-25 00:00:00', 0.4784642857142857),
	(2, '2022-10-26 00:00:00', 0.47621428571428565),
	(2, '2022-10-27 00:00:00', 0.47396428571428567),
	(2, '2022-10-28 00:00:00', 0.47171428571428564),
	(2, '2022-10-29 00:00:00', 0.46946428571428567),
	(2, '2022-10-30 00:00:00', 0.46721428571428564),
	(2, '2022-10-31 00:00:00', 0.46496428571428566),
	(2, '2022-11-01 00:00:00', 0.5324642857142857),
	(2, '2022-11-02 00:00:00', 0.5302142857142857),
	(2, '2022-11-03 00:00:00', 0.5279642857142857),
	(2, '2022-11-04 00:00:00', 0.5257142857142857),
	(2, '2022-11-05 00:00:00', 0.5234642857142857),
	(2, '2022-11-06 00:00:00', 0.5212142857142857),
	(2, '2022-11-07 00:00:00', 0.5189642857142857),
	(2, '2022-11-08 00:00:00', 0.5167142857142857),
	(2, '2022-11-09 00:00:00', 0.5144642857142857),
	(2, '2022-11-10 00:00:00', 0.5122142857142857),
	(2, '2022-11-11 00:00:00', 0.5099642857142856),
	(2, '2022-11-12 00:00:00', 0.5077142857142857),
	(2, '2022-11-13 00:00:00', 0.5054642857142857),
	(2, '2022-11-14 00:00:00', 0.5032142857142857),
	(2, '2022-11-15 00:00:00', 0.5009642857142856),
	(2, '2022-11-16 00:00:00', 0.49871428571428567),
	(2, '2022-11-17 00:00:00', 0.4964642857142857),
	(2, '2022-11-18 00:00:00', 0.49421428571428566),
	(2, '2022-11-19 00:00:00', 0.4919642857142857),
	(2, '2022-11-20 00:00:00', 0.48971428571428566),
	(2, '2022-11-21 00:00:00', 0.4874642857142857),
	(2, '2022-11-22 00:00:00', 0.48521428571428565),
	(2, '2022-11-23 00:00:00', 0.4829642857142857),
	(2, '2022-11-24 00:00:00', 0.48071428571428565),
	(2, '2022-11-25 00:00:00', 0.4784642857142857),
	(2, '2022-11-26 00:00:00', 0.47621428571428565),
	(2, '2022-11-27 00:00:00', 0.47396428571428567),
	(2, '2022-11-28 00:00:00', 0.47171428571428564),
	(2, '2022-11-29 00:00:00', 0.46946428571428567),
	(2, '2022-11-30 00:00:00', 0.46721428571428564),
	(2, '2022-12-01 00:00:00', 0.5324642857142857),
	(2, '2022-12-02 00:00:00', 0.5302142857142857),
	(2, '2022-12-03 00:00:00', 0.5279642857142857),
	(2, '2022-12-04 00:00:00', 0.5257142857142857),
	(2, '2022-12-05 00:00:00', 0.5234642857142857),
	(2, '2022-12-06 00:00:00', 0.5212142857142857),
	(2, '2022-12-07 00:00:00', 0.5189642857142857),
	(2, '2022-12-08 00:00:00', 0.5167142857142857),
	(2, '2022-12-09 00:00:00', 0.5144642857142857),
	(2, '2022-12-10 00:00:00', 0.5122142857142857),
	(2, '2022-12-11 00:00:00', 0.5099642857142856),
	(2, '2022-12-12 00:00:00', 0.5077142857142857),
	(2, '2022-12-13 00:00:00', 0.5054642857142857),
	(2, '2022-12-14 00:00:00', 0.5032142857142857),
	(2, '2022-12-15 00:00:00', 0.5009642857142856),
	(2, '2022-12-16 00:00:00', 0.49871428571428567),
	(2, '2022-12-17 00:00:00', 0.4964642857142857),
	(2, '2022-12-18 00:00:00', 0.49421428571428566),
	(2, '2022-12-19 00:00:00', 0.4919642857142857),
	(2, '2022-12-20 00:00:00', 0.48971428571428566),
	(2, '2022-12-21 00:00:00', 0.4874642857142857),
	(2, '2022-12-22 00:00:00', 0.48521428571428565),
	(2, '2022-12-23 00:00:00', 0.4829642857142857),
	(2, '2022-12-24 00:00:00', 0.48071428571428565),
	(2, '2022-12-25 00:00:00', 0.4784642857142857),
	(2, '2022-12-26 00:00:00', 0.47621428571428565),
	(2, '2022-12-27 00:00:00', 0.47396428571428567),
	(2, '2022-12-28 00:00:00', 0.47171428571428564),
	(2, '2022-12-29 00:00:00', 0.46946428571428567),
	(2, '2022-12-30 00:00:00', 0.46721428571428564),
	(2, '2022-12-31 00:00:00', 0.46496428571428566),
	(2, '2023-01-01 00:00:00', 0.27730326484755313),
	(2, '2023-01-02 00:00:00', 0.2630731451310798),
	(2, '2023-01-03 00:00:00', 0.25430056386620203),
	(2, '2023-01-04 00:00:00', 0.2533239661921935),
	(2, '2023-01-05 00:00:00', 0.2530456996223687),
	(2, '2023-01-06 00:00:00', 0.2529483446038639),
	(2, '2023-01-07 00:00:00', 0.2530127717410851),
	(2, '2023-01-08 00:00:00', 0.2641471295928423),
	(2, '2023-01-09 00:00:00', 0.2525120571033374),
	(2, '2023-01-10 00:00:00', 0.2541645461348075),
	(2, '2023-01-11 00:00:00', 0.25378051243747135),
	(2, '2023-01-12 00:00:00', 0.25196500199218075),
	(2, '2023-01-13 00:00:00', 0.25508522147408436),
	(2, '2023-01-14 00:00:00', 0.25822278665346593),
	(2, '2023-01-15 00:00:00', 0.25344224243402497),
	(2, '2023-01-16 00:00:00', 0.25338412737327143),
	(2, '2023-01-17 00:00:00', 0.2533442883008723),
	(2, '2023-01-18 00:00:00', 0.2533268713795945),
	(2, '2023-01-19 00:00:00', 0.2534313456175081),
	(2, '2023-01-20 00:00:00', 0.26433706187738215),
	(2, '2023-01-21 00:00:00', 0.25300587306074396),
	(2, '2023-01-22 00:00:00', 0.2546506474213536),
	(2, '2023-01-23 00:00:00', 0.2543064800865386),
	(2, '2023-01-24 00:00:00', 0.2542117255176892),
	(2, '2023-01-25 00:00:00', 0.25568277320551763),
	(2, '2023-01-26 00:00:00', 0.25844002973834573),
	(2, '2023-01-27 00:00:00', 0.25356719612405704),
	(2, '2023-01-28 00:00:00', 0.2534874637369792),
	(2, '2023-01-29 00:00:00', 0.2534418620450509),
	(2, '2023-01-30 00:00:00', 0.2534223481567005),
	(2, '2023-01-31 00:00:00', 0.25352546572449),
	(2, '2023-02-01 00:00:00', 0.2644352556543906),
	(2, '2023-02-02 00:00:00', 0.2530967910306237),
	(2, '2023-02-03 00:00:00', 0.25474158602054003),
	(2, '2023-02-04 00:00:00', 0.2543963251739858),
	(2, '2023-02-05 00:00:00', 0.2542611172814385),
	(2, '2023-02-06 00:00:00', 0.25576987867946743),
	(2, '2023-02-07 00:00:00', 0.2585356491231258),
	(2, '2023-02-08 00:00:00', 0.2536647552683489),
	(2, '2023-02-09 00:00:00', 0.25358534795677345),
	(2, '2023-02-10 00:00:00', 0.2535396997677752),
	(2, '2023-02-11 00:00:00', 0.25352001116476697),
	(2, '2023-02-12 00:00:00', 0.2536227437946634),
	(2, '2023-02-13 00:00:00', 0.2645311632154933),
	(2, '2023-02-14 00:00:00', 0.25319270981930814),
	(2, '2023-02-15 00:00:00', 0.2548373452089714),
	(2, '2023-02-16 00:00:00', 0.25449195087077353),
	(2, '2023-02-17 00:00:00', 0.25435753115131715),
	(2, '2023-02-18 00:00:00', 0.2558642317043226),
	(2, '2023-02-19 00:00:00', 0.2586293951298531),
	(2, '2023-02-20 00:00:00', 0.2537582340248422),
	(2, '2023-02-21 00:00:00', 0.2536786387107254),
	(2, '2023-02-22 00:00:00', 0.25363281111680697),
	(2, '2023-02-23 00:00:00', 0.25361290398826397),
	(2, '2023-02-24 00:00:00', 0.2537152310389195),
	(2, '2023-02-25 00:00:00', 0.2646224120335519),
	(2, '2023-02-26 00:00:00', 0.2532838001303339),
	(2, '2023-02-27 00:00:00', 0.25492828104000964),
	(2, '2023-02-28 00:00:00', 0.2545827316311203),
	(2, '2023-03-01 00:00:00', 0.2544481352727568),
	(2, '2023-03-02 00:00:00', 0.25595371592685784),
	(2, '2023-03-03 00:00:00', 0.25871848856109825),
	(2, '2023-03-04 00:00:00', 0.25384711321921244),
	(2, '2023-03-05 00:00:00', 0.2537673429726837),
	(2, '2023-03-06 00:00:00', 0.253721340132352),
	(2, '2023-03-07 00:00:00', 0.2537012167759546),
	(2, '2023-03-08 00:00:00', 0.2538031409560283),
	(2, '2023-03-09 00:00:00', 0.26470908539103327),
	(2, '2023-03-10 00:00:00', 0.25337031989513303),
	(2, '2023-03-11 00:00:00', 0.2550146471455036),
	(2, '2023-03-12 00:00:00', 0.25466894411258506),
	(2, '2023-03-13 00:00:00', 0.2545341946496104),
	(2, '2023-03-14 00:00:00', 0.25603864294675005),
	(2, '2023-03-15 00:00:00', 0.2588030223799378),
	(2, '2023-03-16 00:00:00', 0.25393143292311426),
	(2, '2023-03-17 00:00:00', 0.2538514885314494),
	(2, '2023-03-18 00:00:00', 0.2538053114354168),
	(2, '2023-03-19 00:00:00', 0.25378497312214804),
	(2, '2023-03-20 00:00:00', 0.2538864966943841),
	(2, '2023-03-21 00:00:00', 0.2647912098172818),
	(2, '2023-03-22 00:00:00', 0.2534522915907185),
	(2, '2023-03-23 00:00:00', 0.2550964661403737),
	(2, '2023-03-24 00:00:00', 0.254750610428111),
	(2, '2023-03-25 00:00:00', 0.25461570828879876),
	(2, '2023-03-26 00:00:00', 0.2561190343465207),
	(2, '2023-03-27 00:00:00', 0.2588830233825058),
	(2, '2023-03-28 00:00:00', 0.2540112212226221),
	(2, '2023-03-29 00:00:00', 0.25393110380239303),
	(2, '2023-03-30 00:00:00', 0.25388475355720985),
	(2, '2023-03-31 00:00:00', 0.253864201633647),
	(2, '2023-04-01 00:00:00', 0.25396532696901497),
	(2, '2023-04-02 00:00:00', 0.2648688142716269),
	(2, '2023-04-03 00:00:00', 0.25352974430730757),
	(2, '2023-04-04 00:00:00', 0.2551737671475694),
	(2, '2023-04-05 00:00:00', 0.2548277597483284),
	(2, '2023-04-06 00:00:00', 0.2546927059378968),
	(2, '2023-04-07 00:00:00', 0.2561949195745416),
	(2, '2023-04-08 00:00:00', 0.25895852098317457),
	(2, '2023-04-09 00:00:00', 0.25408650755090056),
	(2, '2023-04-10 00:00:00', 0.2540062182510062),
	(2, '2023-04-11 00:00:00', 0.2539596960006319),
	(2, '2023-04-12 00:00:00', 0.2539389318612797),
	(2, '2023-04-13 00:00:00', 0.2540396614226463),
	(2, '2023-04-14 00:00:00', 0.26494192870547795),
	(2, '2023-04-15 00:00:00', 0.2536027080279003),
	(2, '2023-04-16 00:00:00', 0.2552465801839431),
	(2, '2023-04-17 00:00:00', 0.25490042212355557),
	(2, '2023-04-18 00:00:00', 0.25476521766826216),
	(2, '2023-04-19 00:00:00', 0.2562663289272159),
	(2, '2023-04-20 00:00:00', 0.2590295455636875),
	(2, '2023-04-21 00:00:00', 0.25415732233635924),
	(2, '2023-04-22 00:00:00', 0.25407686234344307),
	(2, '2023-04-23 00:00:00', 0.2540301692695474),
	(2, '2023-04-24 00:00:00', 0.2540091943556013),
	(2, '2023-04-25 00:00:00', 0.25410953069469266),
	(2, '2023-04-26 00:00:00', 0.26501058405608163),
	(2, '2023-04-27 00:00:00', 0.2536712137222934),
	(2, '2023-04-28 00:00:00', 0.2553149362517509),
	(2, '2023-04-29 00:00:00', 0.25496862858848135),
	(2, '2023-04-30 00:00:00', 0.2548332745472723),
	(2, '2023-05-01 00:00:00', 0.2563332936729892),
	(2, '2023-05-02 00:00:00', 0.2590961284713896),
	(2, '2023-05-03 00:00:00', 0.2542236969704213),
	(2, '2023-05-04 00:00:00', 0.25414306750718024),
	(2, '2023-05-05 00:00:00', 0.25409620482757367),
	(2, '2023-05-06 00:00:00', 0.2540750206250328),
	(2, '2023-05-07 00:00:00', 0.2541749663790207),
	(2, '2023-05-08 00:00:00', 0.26507481220578616),
	(2, '2023-05-09 00:00:00', 0.25373529330397654),
	(2, '2023-05-10 00:00:00', 0.2553788672955878),
	(2, '2023-05-11 00:00:00', 0.2550324111187702),
	(2, '2023-05-12 00:00:00', 0.2548969085816196),
	(2, '2023-05-13 00:00:00', 0.25639584600843407),
	(2, '2023-05-14 00:00:00', 0.259158301978217),
	(2, '2023-05-15 00:00:00', 0.2542856637672014),
	(2, '2023-05-16 00:00:00', 0.25420486609083925),
	(2, '2023-05-17 00:00:00', 0.25415783505792716),
	(2, '2023-05-18 00:00:00', 0.2541364430956955),
	(2, '2023-05-19 00:00:00', 0.25423600098373783),
	(2, '2023-05-20 00:00:00', 0.2651346459415642),
	(2, '2023-05-21 00:00:00', 0.2537949795896931),
	(2, '2023-05-22 00:00:00', 0.25543840616193103),
	(2, '2023-05-23 00:00:00', 0.25509180259059683),
	(2, '2023-05-24 00:00:00', 0.25495615267714233),
	(2, '2023-05-25 00:00:00', 0.25645401901775483),
	(2, '2023-05-26 00:00:00', 0.25921609924010147),
	(2, '2023-05-27 00:00:00', 0.25434325592287343),
	(2, '2023-05-28 00:00:00', 0.25426229132353523),
	(2, '2023-05-29 00:00:00', 0.25421509322275343),
	(2, '2023-05-30 00:00:00', 0.2541934950707199),
	(2, '2023-05-31 00:00:00', 0.25429266789045757),
	(2, '2023-06-01 00:00:00', 0.26519011891408206),
	(2, '2023-06-02 00:00:00', 0.2538503062584959),
	(2, '2023-06-03 00:00:00', 0.25549358655818266),
	(2, '2023-06-04 00:00:00', 0.2551468367396763),
	(2, '2023-06-05 00:00:00', 0.2550110405978332),
	(2, '2023-06-06 00:00:00', 0.2565078466318073),
	(2, '2023-06-07 00:00:00', 0.2592695542559706),
	(2, '2023-06-08 00:00:00', 0.25439650747465725),
	(2, '2023-06-09 00:00:00', 0.2543153772738505),
	(2, '2023-06-10 00:00:00', 0.25426801342208916),
	(2, '2023-06-11 00:00:00', 0.2542462106891921),
	(2, '2023-06-12 00:00:00', 0.2543450013132113),
	(2, '2023-06-13 00:00:00', 0.26524126559644196),
	(2, '2023-06-14 00:00:00', 0.2539013078104805),
	(2, '2023-06-15 00:00:00', 0.25554444301139373),
	(2, '2023-06-16 00:00:00', 0.25519754811997897),
	(2, '2023-06-17 00:00:00', 0.25506160692454694),
	(2, '2023-06-18 00:00:00', 0.2565573635868352),
	(2, '2023-06-19 00:00:00', 0.259318701826471),
	(2, '2023-06-20 00:00:00', 0.2544454532595315),
	(2, '2023-06-21 00:00:00', 0.2543641588085397),
	(2, '2023-06-22 00:00:00', 0.25431663055255854),
	(2, '2023-06-23 00:00:00', 0.2542946248848387),
	(2, '2023-06-24 00:00:00', 0.25439303625710863),
	(2, '2023-06-25 00:00:00', 0.2652881212427011),
	(2, '2023-06-26 00:00:00', 0.25394801952529755),
	(2, '2023-06-27 00:00:00', 0.2555910108267715),
	(2, '2023-06-28 00:00:00', 0.2552439720622321),
	(2, '2023-06-29 00:00:00', 0.2551078870134956),
	(2, '2023-06-30 00:00:00', 0.2566026053830206),
	(2, '2023-07-01 00:00:00', 0.2593635775125148),
	(2, '2023-07-02 00:00:00', 0.25449012887277583),
	(2, '2023-07-03 00:00:00', 0.25440867155106717),
	(2, '2023-07-04 00:00:00', 0.2543609802659059),
	(2, '2023-07-05 00:00:00', 0.2543387733445538),
	(2, '2023-07-06 00:00:00', 0.254436808476847),
	(2, '2023-07-07 00:00:00', 0.26533072184626705),
	(2, '2023-07-08 00:00:00', 0.25399047742054665),
	(2, '2023-07-09 00:00:00', 0.25563332604607014),
	(2, '2023-07-10 00:00:00', 0.2552861446323083),
	(2, '2023-07-11 00:00:00', 0.2551499169546353),
	(2, '2023-07-12 00:00:00', 0.2566436082429502),
	(2, '2023-07-13 00:00:00', 0.25940421759375065),
	(2, '2023-07-14 00:00:00', 0.25453057062644097),
	(2, '2023-07-15 00:00:00', 0.25444895184007627),
	(2, '2023-07-16 00:00:00', 0.2544010989274646),
	(2, '2023-07-17 00:00:00', 0.25437869246686573),
	(2, '2023-07-18 00:00:00', 0.25447635443517147),
	(2, '2023-07-19 00:00:00', 0.26536910409826875),
	(2, '2023-07-20 00:00:00', 0.2540287182101477),
	(2, '2023-07-21 00:00:00', 0.2556714254059636),
	(2, '2023-07-22 00:00:00', 0.2553241025895996),
	(2, '2023-07-23 00:00:00', 0.25518773353004087),
	(2, '2023-07-24 00:00:00', 0.2566804090700925),
	(2, '2023-07-25 00:00:00', 0.25944065902705293),
	(2, '2023-07-26 00:00:00', 0.2545668155078426),
	(2, '2023-07-27 00:00:00', 0.25448503668788647),
	(2, '2023-07-28 00:00:00', 0.2544370235746562),
	(2, '2023-07-29 00:00:00', 0.2544144193204395),
	(2, '2023-07-30 00:00:00', 0.254511711261377),
	(2, '2023-07-31 00:00:00', 0.26540330534599754),
	(2, '2023-08-01 00:00:00', 0.254062779262786),
	(2, '2023-08-02 00:00:00', 0.25570534629649455),
	(2, '2023-08-03 00:00:00', 0.25535788334547005),
	(2, '2023-08-04 00:00:00', 0.2552213741723633),
	(2, '2023-08-05 00:00:00', 0.2567130454073798),
	(2, '2023-08-06 00:00:00', 0.2594729394051246),
	(2, '2023-08-07 00:00:00', 0.2545989011381722),
	(2, '2023-08-08 00:00:00', 0.25451696373911026),
	(2, '2023-08-09 00:00:00', 0.2544687918756141),
	(2, '2023-08-10 00:00:00', 0.2544459916027073),
	(2, '2023-08-11 00:00:00', 0.25454291670994755),
	(2, '2023-08-12 00:00:00', 0.265433363551509),
	(2, '2023-08-13 00:00:00', 0.25409269856052086),
	(2, '2023-08-14 00:00:00', 0.2557351267196899),
	(2, '2023-08-15 00:00:00', 0.25538752492187894),
	(2, '2023-08-16 00:00:00', 0.2552508769234594),
	(2, '2023-08-17 00:00:00', 0.2567415553959838),
	(2, '2023-08-18 00:00:00', 0.25950109691530043),
	(2, '2023-08-19 00:00:00', 0.254626865731313),
	(2, '2023-08-20 00:00:00', 0.25454477122947866),
	(2, '2023-08-21 00:00:00', 0.2544964420880184),
	(2, '2023-08-22 00:00:00', 0.2544734475987146),
	(2, '2023-08-23 00:00:00', 0.2545700091194187),
	(2, '2023-08-24 00:00:00', 0.2654593172504726),
	(2, '2023-08-25 00:00:00', 0.25411851465764557),
	(2, '2023-08-26 00:00:00', 0.2557608052484307),
	(2, '2023-08-27 00:00:00', 0.25541306591025986),
	(2, '2023-08-28 00:00:00', 0.2552762803932815),
	(2, '2023-08-29 00:00:00', 0.25676597773437),
	(2, '2023-08-30 00:00:00', 0.2595251702986365),
	(2, '2023-08-31 00:00:00', 0.25465074805294535),
	(2, '2023-09-01 00:00:00', 0.25456849794495984),
	(2, '2023-09-02 00:00:00', 0.25452001301822713),
	(2, '2023-09-03 00:00:00', 0.25449682614026664),
	(2, '2023-09-04 00:00:00', 0.2545930273715471),
	(2, '2023-09-05 00:00:00', 0.26548120551135285),
	(2, '2023-09-06 00:00:00', 0.25414026663988004),
	(2, '2023-09-07 00:00:00', 0.25578242098565745),
	(2, '2023-09-08 00:00:00', 0.2554345454307395),
	(2, '2023-09-09 00:00:00', 0.25529762371910864),
	(2, '2023-09-10 00:00:00', 0.2567863516377126),
	(2, '2023-09-11 00:00:00', 0.2595451988093662),
	(2, '2023-09-12 00:00:00', 0.2546705873800235),
	(2, '2023-09-13 00:00:00', 0.25458818318125126),
	(2, '2023-09-14 00:00:00', 0.2545395439807841),
	(2, '2023-09-15 00:00:00', 0.2545161665654547),
	(2, '2023-09-16 00:00:00', 0.2546120108508677),
	(2, '2023-09-17 00:00:00', 0.2654990678949991),
	(2, '2023-09-18 00:00:00', 0.25415799408397677),
	(2, '2023-09-19 00:00:00', 0.2558000135239911),
	(2, '2023-09-20 00:00:00', 0.2554520030917733),
	(2, '2023-09-21 00:00:00', 0.25531494652519754),
	(2, '2023-09-22 00:00:00', 0.2568027167977456),
	(2, '2023-09-23 00:00:00', 0.25956122217479993),
	(2, '2023-09-24 00:00:00', 0.25468642346069803),
	(2, '2023-09-25 00:00:00', 0.2546038667037208),
	(2, '2023-09-26 00:00:00', 0.25455507475837863),
	(2, '2023-09-27 00:00:00', 0.2545315086786389),
	(2, '2023-09-28 00:00:00', 0.254626999404713),
	(2, '2023-09-29 00:00:00', 0.26551294441471973),
	(2, '2023-09-30 00:00:00', 0.25417173701781204),
	(2, '2023-10-01 00:00:00', 0.25581362290584186),
	(2, '2023-10-02 00:00:00', 0.255465478950272),
	(2, '2023-10-03 00:00:00', 0.2553282888829269),
	(2, '2023-10-04 00:00:00', 0.2568151133431232),
	(2, '2023-10-05 00:00:00', 0.2595732805557384),
	(2, '2023-10-06 00:00:00', 0.25469829647475634),
	(2, '2023-10-07 00:00:00', 0.25461558870786904),
	(2, '2023-10-08 00:00:00', 0.25456664556232894),
	(2, '2023-10-09 00:00:00', 0.254542892710956),
	(2, '2023-10-10 00:00:00', 0.2546380333037649),
	(2, '2023-10-11 00:00:00', 0.26552287549690956),
	(2, '2023-10-12 00:00:00', 0.254181535881033),
	(2, '2023-10-13 00:00:00', 0.25582328958407613),
	(2, '2023-10-14 00:00:00', 0.2554750134722885),
	(2, '2023-10-15 00:00:00', 0.25533769127150435),
	(2, '2023-10-16 00:00:00', 0.2568235818003569),
	(2, '2023-10-17 00:00:00', 0.2595814145074697),
	(2, '2023-10-18 00:00:00', 0.2547062469946492),
	(2, '2023-10-19 00:00:00', 0.25462338978037885),
	(2, '2023-10-20 00:00:00', 0.2545742969936552),
	(2, '2023-10-21 00:00:00', 0.2545503592814224),
	(2, '2023-10-22 00:00:00', 0.25464515320320585),
	(2, '2023-10-23 00:00:00', 0.2655289019422953),
	(2, '2023-10-24 00:00:00', 0.25418743148632506),
	(2, '2023-10-25 00:00:00', 0.2558290543833057),
	(2, '2023-10-26 00:00:00', 0.2554806474943293),
	(2, '2023-10-27 00:00:00', 0.25534319453929943),
	(2, '2023-10-28 00:00:00', 0.256828163055392),
	(2, '2023-10-29 00:00:00', 0.2595856649414092),
	(2, '2023-10-30 00:00:00', 0.2547103159471636),
	(2, '2023-10-31 00:00:00', 0.25462731086081486),
	(2, '2023-11-01 00:00:00', 0.2545780700048051),
	(2, '2023-11-02 00:00:00', 0.25455394935869013),
	(2, '2023-11-03 00:00:00', 0.2546484001045301),
	(2, '2023-11-04 00:00:00', 0.2655310648878594),
	(2, '2023-11-05 00:00:00', 0.25418946498135997),
	(2, '2023-11-06 00:00:00', 0.2558309584618599),
	(2, '2023-11-07 00:00:00', 0.25548242218535),
	(2, '2023-11-08 00:00:00', 0.25534483986586354),
	(2, '2023-11-09 00:00:00', 0.2568288983158816),
	(2, '2023-11-10 00:00:00', 0.2595860730874434),
	(2, '2023-11-11 00:00:00', 0.25471054457580106),
	(2, '2023-11-12 00:00:00', 0.2546273932040296),
	(2, '2023-11-13 00:00:00', 0.254578005862088),
	(2, '2023-11-14 00:00:00', 0.2545537042235159),
	(2, '2023-11-15 00:00:00', 0.2546478153180717),
	(2, '2023-11-16 00:00:00', 0.2655294057694982),
	(2, '2023-11-17 00:00:00', 0.2541876778114789),
	(2, '2023-11-18 00:00:00', 0.2558290432744941),
	(2, '2023-11-19 00:00:00', 0.25548037900948994),
	(2, '2023-11-20 00:00:00', 0.25534266872469036),
	(2, '2023-11-21 00:00:00', 0.2568258290742129),
	(2, '2023-11-22 00:00:00', 0.2595826804570282),
	(2, '2023-11-23 00:00:00', 0.2547069744039144),
	(2, '2023-11-24 00:00:00', 0.25462367834333055),
	(2, '2023-11-25 00:00:00', 0.25457414610887197),
	(2, '2023-11-26 00:00:00', 0.254549665431994),
	(2, '2023-11-27 00:00:00', 0.2546434404263016),
	(2, '2023-11-28 00:00:00', 0.26552396628546476),
	(2, '2023-11-29 00:00:00', 0.25418211168316285),
	(2, '2023-11-30 00:00:00', 0.2558233505358877),
	(2, '2023-12-01 00:00:00', 0.2554745596895973),
	(2, '2023-12-02 00:00:00', 0.2553367228467678),
	(2, '2023-12-03 00:00:00', 0.2568189970713328),
	(2, '2023-12-04 00:00:00', 0.2595755288070924),
	(2, '2023-12-05 00:00:00', 0.2546996471986498),
	(2, '2023-12-06 00:00:00', 0.2546162080544539),
	(2, '2023-12-07 00:00:00', 0.2545665325295892),
	(2, '2023-12-08 00:00:00', 0.25454187477960066),
	(2, '2023-12-09 00:00:00', 0.25463531724794075),
	(2, '2023-12-10 00:00:00', 0.26551478836064213),
	(2, '2023-12-11 00:00:00', 0.2541728085283348),
	(2, '2023-12-12 00:00:00', 0.25581392218497456),
	(2, '2023-12-13 00:00:00', 0.25546500617158857),
	(2, '2023-12-14 00:00:00', 0.2553270441849665),
	(2, '2023-12-15 00:00:00', 0.2568084442614188),
	(2, '2023-12-16 00:00:00', 0.25956466010478785),
	(2, '2023-12-17 00:00:00', 0.2546886049357395),
	(2, '2023-12-18 00:00:00', 0.2546050243203909),
	(2, '2023-12-19 00:00:00', 0.2545552071145956),
	(2, '2023-12-20 00:00:00', 0.2545303742660945),
	(2, '2023-12-21 00:00:00', 0.25462348780293154),
	(2, '2023-12-22 00:00:00', 0.26550191411168933),
	(2, '2023-12-23 00:00:00', 0.2541598104695354),
	(2, '2023-12-24 00:00:00', 0.25580080035014924),
	(2, '2023-12-25 00:00:00', 0.2554517605896844),
	(2, '2023-12-26 00:00:00', 0.2553136748793061),
	(2, '2023-12-27 00:00:00', 0.25679421277743325),
	(2, '2023-12-28 00:00:00', 0.25955011649312776),
	(2, '2023-12-29 00:00:00', 0.25467388976518274),
	(2, '2023-12-30 00:00:00', 0.25459016929710315),
	(2, '2023-12-31 00:00:00', 0.25454021202592103);

-- Volcando estructura para tabla medidorelectrico.roles
CREATE TABLE IF NOT EXISTS `roles` (
  `id` bigint unsigned NOT NULL AUTO_INCREMENT,
  `name` varchar(191) COLLATE utf8mb3_unicode_ci NOT NULL,
  `guard_name` varchar(191) COLLATE utf8mb3_unicode_ci NOT NULL,
  `created_at` timestamp NULL DEFAULT NULL,
  `updated_at` timestamp NULL DEFAULT NULL,
  PRIMARY KEY (`id`),
  UNIQUE KEY `roles_name_guard_name_unique` (`name`,`guard_name`)
) ENGINE=InnoDB AUTO_INCREMENT=2 DEFAULT CHARSET=utf8mb3 COLLATE=utf8mb3_unicode_ci;

-- Volcando datos para la tabla medidorelectrico.roles: ~0 rows (aproximadamente)
INSERT INTO `roles` (`id`, `name`, `guard_name`, `created_at`, `updated_at`) VALUES
	(1, 'Administrador', 'web', '2023-11-23 03:15:21', '2023-11-23 03:15:21');

-- Volcando estructura para tabla medidorelectrico.role_has_permissions
CREATE TABLE IF NOT EXISTS `role_has_permissions` (
  `permission_id` bigint unsigned NOT NULL,
  `role_id` bigint unsigned NOT NULL,
  PRIMARY KEY (`permission_id`,`role_id`),
  KEY `role_has_permissions_role_id_foreign` (`role_id`),
  CONSTRAINT `role_has_permissions_permission_id_foreign` FOREIGN KEY (`permission_id`) REFERENCES `permissions` (`id`) ON DELETE CASCADE,
  CONSTRAINT `role_has_permissions_role_id_foreign` FOREIGN KEY (`role_id`) REFERENCES `roles` (`id`) ON DELETE CASCADE
) ENGINE=InnoDB DEFAULT CHARSET=utf8mb3 COLLATE=utf8mb3_unicode_ci;

-- Volcando datos para la tabla medidorelectrico.role_has_permissions: ~14 rows (aproximadamente)
INSERT INTO `role_has_permissions` (`permission_id`, `role_id`) VALUES
	(1, 1),
	(2, 1),
	(3, 1),
	(4, 1),
	(5, 1),
	(6, 1),
	(7, 1),
	(8, 1),
	(9, 1),
	(10, 1),
	(11, 1),
	(12, 1),
	(13, 1),
	(14, 1),
	(15, 1),
	(16, 1);

-- Volcando estructura para vista medidorelectrico.sensorreading
-- Creando tabla temporal para superar errores de dependencia de VIEW
CREATE TABLE `sensorreading` (
	`date` DATETIME NULL,
	`kwh` DOUBLE NULL,
	`nombre` VARCHAR(191) NOT NULL COLLATE 'utf8mb3_unicode_ci'
) ENGINE=MyISAM;

-- Volcando estructura para tabla medidorelectrico.sensors
CREATE TABLE IF NOT EXISTS `sensors` (
  `id` bigint unsigned NOT NULL AUTO_INCREMENT,
  `nombre` varchar(191) COLLATE utf8mb3_unicode_ci NOT NULL,
  `descripcion` varchar(191) COLLATE utf8mb3_unicode_ci DEFAULT NULL,
  `coordenadas` varchar(250) COLLATE utf8mb3_unicode_ci DEFAULT NULL,
  `created_at` timestamp NULL DEFAULT NULL,
  `updated_at` timestamp NULL DEFAULT NULL,
  `id_user` bigint unsigned DEFAULT NULL,
  `id_ubicacion` tinyint unsigned DEFAULT NULL,
  PRIMARY KEY (`id`),
  KEY `fk_iduser` (`id_user`),
  KEY `fk_ubicacion` (`id_ubicacion`),
  CONSTRAINT `fk_iduser` FOREIGN KEY (`id_user`) REFERENCES `users` (`id`),
  CONSTRAINT `fk_ubicacion` FOREIGN KEY (`id_ubicacion`) REFERENCES `ubicacion` (`id`)
) ENGINE=InnoDB AUTO_INCREMENT=3 DEFAULT CHARSET=utf8mb3 COLLATE=utf8mb3_unicode_ci;

-- Volcando datos para la tabla medidorelectrico.sensors: ~2 rows (aproximadamente)
INSERT INTO `sensors` (`id`, `nombre`, `descripcion`, `coordenadas`, `created_at`, `updated_at`, `id_user`, `id_ubicacion`) VALUES
	(1, 'Router Modem', NULL, NULL, '2023-11-24 23:28:48', '2023-11-24 23:28:48', 1, 1),
	(2, 'Refrigerador', 'Refri', NULL, '2021-12-29 00:22:52', '2023-11-29 00:23:11', 1, 1);

-- Volcando estructura para tabla medidorelectrico.tarifas
CREATE TABLE IF NOT EXISTS `tarifas` (
  `id` int NOT NULL AUTO_INCREMENT,
  `Tarifa` varchar(50) DEFAULT NULL,
  PRIMARY KEY (`id`)
) ENGINE=InnoDB AUTO_INCREMENT=8 DEFAULT CHARSET=utf8mb4 COLLATE=utf8mb4_0900_ai_ci;

-- Volcando datos para la tabla medidorelectrico.tarifas: ~7 rows (aproximadamente)
INSERT INTO `tarifas` (`id`, `Tarifa`) VALUES
	(1, '1'),
	(2, '1A'),
	(3, '1B'),
	(4, '1C'),
	(5, '1D'),
	(6, '1E'),
	(7, '1F');

-- Volcando estructura para procedimiento medidorelectrico.TEST2
DELIMITER //
CREATE PROCEDURE `TEST2`(
    IN consumo INT,
    IN tarifa VARCHAR(255),
    IN mes INT,
    IN ano INT
)
BEGIN
    SELECT
        Tarifas.Tarifa,
        Consumo_Mensual.Mes,
        SUM(
            CASE
                WHEN consumo > Consumo_Mensual.rango_sup THEN (
                    (Consumo_Mensual.rango_inf * Consumo_Mensual.basico) +
                    ((consumo - (Consumo_Mensual.rango_sup - Consumo_Mensual.rango_inf)) * Consumo_Mensual.intermedio) +
                    ((consumo - (Consumo_Mensual.rango_inf + Consumo_Mensual.rango_sup)) * Consumo_Mensual.excedente)
                )
                WHEN consumo = Consumo_Mensual.rango_sup THEN (
                    (Consumo_Mensual.rango_inf * Consumo_Mensual.basico) +
                    ((Consumo_Mensual.rango_sup - Consumo_Mensual.rango_inf) * Consumo_Mensual.intermedio)
                )
                WHEN consumo < Consumo_Mensual.rango_sup THEN (
                    (Consumo_Mensual.rango_inf * Consumo_Mensual.basico) +
                    ((consumo - (Consumo_Mensual.rango_sup - Consumo_Mensual.rango_inf)) * Consumo_Mensual.intermedio)
                )
                WHEN consumo = Consumo_Mensual.rango_inf THEN (Consumo_Mensual.rango_inf * Consumo_Mensual.basico)
                WHEN consumo < Consumo_Mensual.rango_inf THEN (consumo * Consumo_Mensual.basico)
                ELSE 0
            END
        ) AS Total_Pagar
    FROM
        Tarifas
    JOIN
        Consumo_Mensual ON Tarifas.id = Consumo_Mensual.id_tarifa
    WHERE
        Consumo_Mensual.Año = ano
        AND Tarifas.Tarifa = tarifa
        AND Consumo_Mensual.Mes = mes
    GROUP BY
        Tarifas.Tarifa, Consumo_Mensual.Mes;
END//
DELIMITER ;

-- Volcando estructura para procedimiento medidorelectrico.TEST3
DELIMITER //
CREATE PROCEDURE `TEST3`(
    IN consumo INT,
    IN tarifa VARCHAR(255),
    IN mes INT,
    IN ano INT,
    IN ciclo_fact INT
)
BEGIN
    SELECT
        Tarifas.Tarifa,
        Consumo_Mensual.Mes,
        SUM(
            CASE
                WHEN ciclo_fact = 1 THEN
                    CASE
                        WHEN consumo > (Consumo_Mensual.rango_sup + Consumo_Mensual.rango_inf) THEN
                            (Consumo_Mensual.rango_inf * Consumo_Mensual.basico) +
                            (Consumo_Mensual.rango_sup * Consumo_Mensual.intermedio) +
                            ((consumo - (Consumo_Mensual.rango_inf + Consumo_Mensual.rango_sup)) * Consumo_Mensual.excedente)
                        WHEN consumo = (Consumo_Mensual.rango_sup + Consumo_Mensual.rango_inf) THEN 
                            (Consumo_Mensual.rango_inf * Consumo_Mensual.basico) +
                            (Consumo_Mensual.rango_sup * Consumo_Mensual.intermedio)
                        WHEN consumo < (Consumo_Mensual.rango_sup + Consumo_Mensual.rango_inf) THEN 
                            CASE
                                WHEN consumo < Consumo_Mensual.rango_inf OR consumo = Consumo_Mensual.rango_inf THEN
                                    consumo * Consumo_Mensual.basico
                                WHEN consumo > Consumo_Mensual.rango_inf THEN
                                    (Consumo_Mensual.rango_inf * Consumo_Mensual.basico) + 
                                    ((consumo - Consumo_Mensual.rango_inf) * Consumo_Mensual.intermedio)
                                ELSE "ERROR: Consumo < (Consumo_Mensual.rango_sup + Consumo_Mensual.rango_inf)"
                            END
                        WHEN consumo = Consumo_Mensual.rango_inf THEN Consumo_Mensual.rango_inf * Consumo_Mensual.basico
                        WHEN consumo < Consumo_Mensual.rango_inf THEN consumo * Consumo_Mensual.basico
                    END
                ELSE "SOLO HAY 1 JAJA"
            END
        ) AS Total_Pagar
    FROM
        Tarifas
    JOIN
        Consumo_Mensual ON Tarifas.id = Consumo_Mensual.id_tarifa
    WHERE
        Consumo_Mensual.Año = ano
        AND Tarifas.Tarifa = tarifa
        AND Consumo_Mensual.Mes = mes
    GROUP BY
        Tarifas.Tarifa, Consumo_Mensual.Mes;
END//
DELIMITER ;

-- Volcando estructura para procedimiento medidorelectrico.test4
DELIMITER //
CREATE PROCEDURE `test4`(
    IN consumo INT,
    IN tarifa VARCHAR(255),
    IN mes INT,
    IN ano INT,
    IN ciclo_fact INT
)
BEGIN
    SELECT
        Tarifas.Tarifa,
        Consumo_Mensual.Mes,
        SUM(
            CASE
                WHEN ciclo_fact = 1 THEN
                    CASE
                        WHEN consumo > (Consumo_Mensual.rango_sup + Consumo_Mensual.rango_inf) THEN
                            (Consumo_Mensual.rango_inf * Consumo_Mensual.basico) +
                            (Consumo_Mensual.rango_sup * Consumo_Mensual.intermedio) +
                            ((consumo - (Consumo_Mensual.rango_inf + Consumo_Mensual.rango_sup)) * Consumo_Mensual.excedente)
                        WHEN consumo = (Consumo_Mensual.rango_sup + Consumo_Mensual.rango_inf) THEN 
                            (Consumo_Mensual.rango_inf * Consumo_Mensual.basico) +
                            (Consumo_Mensual.rango_sup * Consumo_Mensual.intermedio)
                        WHEN consumo < (Consumo_Mensual.rango_sup + Consumo_Mensual.rango_inf) THEN 
                            CASE
                                WHEN consumo < Consumo_Mensual.rango_inf OR consumo = Consumo_Mensual.rango_inf THEN
                                    consumo * Consumo_Mensual.basico
                                WHEN consumo > Consumo_Mensual.rango_inf THEN
                                    (Consumo_Mensual.rango_inf * Consumo_Mensual.basico) + 
                                    ((consumo - Consumo_Mensual.rango_inf) * Consumo_Mensual.intermedio)
                                ELSE "ERROR 1: Consumo < (Consumo_Mensual.rango_sup + Consumo_Mensual.rango_inf)"
                            END
                        WHEN consumo = Consumo_Mensual.rango_inf THEN Consumo_Mensual.rango_inf * Consumo_Mensual.basico
                        WHEN consumo < Consumo_Mensual.rango_inf THEN consumo * Consumo_Mensual.basico
                    END
                WHEN ciclo_fact = 2 THEN
                    CASE
                        WHEN consumo > ((Consumo_Mensual.rango_sup + Consumo_Mensual.rango_inf)*2) THEN
                            ((Consumo_Mensual.rango_inf *2) * Consumo_Mensual.basico) +
                            ((Consumo_Mensual.rango_sup *2) * Consumo_Mensual.intermedio) +
                            ((consumo - ((Consumo_Mensual.rango_inf + Consumo_Mensual.rango_sup)*2)) * Consumo_Mensual.excedente)
                        WHEN consumo = ((Consumo_Mensual.rango_sup + Consumo_Mensual.rango_inf)*2) THEN 
                            ((Consumo_Mensual.rango_inf *2) * Consumo_Mensual.basico) +
                            ((Consumo_Mensual.rango_sup *2) * Consumo_Mensual.intermedio)
                        WHEN consumo < ((Consumo_Mensual.rango_sup + Consumo_Mensual.rango_inf)*2) THEN 
                            CASE
                                WHEN consumo < (Consumo_Mensual.rango_inf*2) OR consumo = (Consumo_Mensual.rango_inf*2) THEN
                                    consumo * Consumo_Mensual.basico
                                WHEN consumo > (Consumo_Mensual.rango_inf *2) THEN
                                    ((Consumo_Mensual.rango_inf * Consumo_Mensual.basico)*2) + 
                                    ((consumo - (Consumo_Mensual.rango_inf *2)) * Consumo_Mensual.intermedio)
                                ELSE "ERROR 2: Consumo < (Consumo_Mensual.rango_sup + Consumo_Mensual.rango_inf)"
                            END
                        WHEN consumo = Consumo_Mensual.rango_inf THEN Consumo_Mensual.rango_inf * Consumo_Mensual.basico
                        WHEN consumo < Consumo_Mensual.rango_inf THEN consumo * Consumo_Mensual.basico
                    END
                ELSE "SOLO HAY 1 y 2 JAJA"
            END
        ) AS Total_Pagar
    FROM
        Tarifas
    JOIN
        Consumo_Mensual ON Tarifas.id = Consumo_Mensual.id_tarifa
    WHERE
        Consumo_Mensual.Año = ano
        AND Tarifas.Tarifa = tarifa
        AND Consumo_Mensual.Mes = mes
    GROUP BY
        Tarifas.Tarifa, Consumo_Mensual.Mes;
END//
DELIMITER ;

-- Volcando estructura para procedimiento medidorelectrico.test5
DELIMITER //
CREATE PROCEDURE `test5`(
    IN consumo INT,
    IN tarifa VARCHAR(255),
    IN mes INT,
    IN ano INT,
    IN ciclo_fact INT
)
BEGIN
    SELECT
        Tarifas.Tarifa,
        Consumo_Mensual.Mes,
        SUM(
            CASE
                WHEN ciclo_fact = 1 THEN
                    CASE
                        WHEN consumo > (Consumo_Mensual.rango_sup + Consumo_Mensual.rango_inf) THEN
                            (Consumo_Mensual.rango_inf * Consumo_Mensual.basico) +
                            (Consumo_Mensual.rango_sup * Consumo_Mensual.intermedio) +
                            ((consumo - (Consumo_Mensual.rango_inf + Consumo_Mensual.rango_sup)) * Consumo_Mensual.excedente)
                        WHEN consumo = (Consumo_Mensual.rango_sup + Consumo_Mensual.rango_inf) THEN 
                            (Consumo_Mensual.rango_inf * Consumo_Mensual.basico) +
                            (Consumo_Mensual.rango_sup * Consumo_Mensual.intermedio)
                        WHEN consumo < (Consumo_Mensual.rango_sup + Consumo_Mensual.rango_inf) THEN 
                            CASE
                                WHEN consumo < Consumo_Mensual.rango_inf OR consumo = Consumo_Mensual.rango_inf THEN
                                    consumo * Consumo_Mensual.basico
                                WHEN consumo > Consumo_Mensual.rango_inf THEN
                                    (Consumo_Mensual.rango_inf * Consumo_Mensual.basico) + 
                                    ((consumo - Consumo_Mensual.rango_inf) * Consumo_Mensual.intermedio)
                                ELSE "ERROR 1: Consumo < (Consumo_Mensual.rango_sup + Consumo_Mensual.rango_inf)"
                            END
                        WHEN consumo = Consumo_Mensual.rango_inf THEN Consumo_Mensual.rango_inf * Consumo_Mensual.basico
                        WHEN consumo < Consumo_Mensual.rango_inf THEN consumo * Consumo_Mensual.basico
                    END
                WHEN ciclo_fact = 2 THEN
                    CASE
                        WHEN consumo > ((Consumo_Mensual.rango_sup + Consumo_Mensual.rango_inf)*2) THEN
                            ((Consumo_Mensual.rango_inf *2) * Consumo_Mensual.basico) +
                            ((Consumo_Mensual.rango_sup *2) * Consumo_Mensual.intermedio) +
                            ((consumo - ((Consumo_Mensual.rango_inf + Consumo_Mensual.rango_sup)*2)) * Consumo_Mensual.excedente)
                        WHEN consumo = ((Consumo_Mensual.rango_sup + Consumo_Mensual.rango_inf)*2) THEN 
                            ((Consumo_Mensual.rango_inf *2) * Consumo_Mensual.basico) +
                            ((Consumo_Mensual.rango_sup *2) * Consumo_Mensual.intermedio)
                        WHEN consumo < ((Consumo_Mensual.rango_sup + Consumo_Mensual.rango_inf)*2) AND consumo > Consumo_Mensual.rango_inf THEN 
                            CASE
                                WHEN consumo < (Consumo_Mensual.rango_inf*2) OR consumo = (Consumo_Mensual.rango_inf*2) THEN
                                    consumo * Consumo_Mensual.basico
                                WHEN consumo > (Consumo_Mensual.rango_inf *2) THEN
                                    ((Consumo_Mensual.rango_inf * Consumo_Mensual.basico)*2) + 
                                    ((consumo - (Consumo_Mensual.rango_inf *2)) * Consumo_Mensual.intermedio)
                                ELSE "ERROR 2: Consumo < (Consumo_Mensual.rango_sup + Consumo_Mensual.rango_inf)"
                            END
                        WHEN consumo = Consumo_Mensual.rango_inf THEN Consumo_Mensual.rango_inf * Consumo_Mensual.basico
                        WHEN consumo < Consumo_Mensual.rango_inf THEN consumo * Consumo_Mensual.basico
                    END
                ELSE "SOLO HAY 1 y 2 JAJA"
            END
        ) AS Total_Pagar
    FROM
        Tarifas
    JOIN
        Consumo_Mensual ON Tarifas.id = Consumo_Mensual.id_tarifa
    WHERE
        Consumo_Mensual.Año = ano
        AND Tarifas.Tarifa = tarifa
        AND Consumo_Mensual.Mes = mes
    GROUP BY
        Tarifas.Tarifa, Consumo_Mensual.Mes;
END//
DELIMITER ;

-- Volcando estructura para tabla medidorelectrico.tipo_consumo
CREATE TABLE IF NOT EXISTS `tipo_consumo` (
  `id` tinyint unsigned NOT NULL AUTO_INCREMENT,
  `consumo` varchar(120) DEFAULT NULL,
  PRIMARY KEY (`id`)
) ENGINE=InnoDB AUTO_INCREMENT=4 DEFAULT CHARSET=utf8mb4 COLLATE=utf8mb4_0900_ai_ci;

-- Volcando datos para la tabla medidorelectrico.tipo_consumo: ~3 rows (aproximadamente)
INSERT INTO `tipo_consumo` (`id`, `consumo`) VALUES
	(1, 'Básico'),
	(2, 'Intermedio'),
	(3, 'Excedente');

-- Volcando estructura para tabla medidorelectrico.ubicacion
CREATE TABLE IF NOT EXISTS `ubicacion` (
  `id` tinyint unsigned NOT NULL,
  `nombre` varchar(120) DEFAULT NULL,
  PRIMARY KEY (`id`)
) ENGINE=InnoDB DEFAULT CHARSET=utf8mb4 COLLATE=utf8mb4_0900_ai_ci;

-- Volcando datos para la tabla medidorelectrico.ubicacion: ~0 rows (aproximadamente)
INSERT INTO `ubicacion` (`id`, `nombre`) VALUES
	(1, 'Sala');

-- Volcando estructura para tabla medidorelectrico.users
CREATE TABLE IF NOT EXISTS `users` (
  `id` bigint unsigned NOT NULL AUTO_INCREMENT,
  `name` varchar(191) COLLATE utf8mb3_unicode_ci NOT NULL,
  `email` varchar(191) COLLATE utf8mb3_unicode_ci NOT NULL,
  `email_verified_at` timestamp NULL DEFAULT NULL,
  `password` varchar(191) COLLATE utf8mb3_unicode_ci NOT NULL,
  `remember_token` varchar(100) COLLATE utf8mb3_unicode_ci DEFAULT NULL,
  `created_at` timestamp NULL DEFAULT NULL,
  `updated_at` timestamp NULL DEFAULT NULL,
  `idtarifa` int DEFAULT NULL,
  `ciclo_facturacion` tinyint DEFAULT NULL,
  PRIMARY KEY (`id`),
  UNIQUE KEY `users_email_unique` (`email`),
  KEY `fk_tarifa` (`idtarifa`),
  CONSTRAINT `fk_tarifa` FOREIGN KEY (`idtarifa`) REFERENCES `tarifas` (`id`)
) ENGINE=InnoDB AUTO_INCREMENT=2 DEFAULT CHARSET=utf8mb3 COLLATE=utf8mb3_unicode_ci;

-- Volcando datos para la tabla medidorelectrico.users: ~1 rows (aproximadamente)
INSERT INTO `users` (`id`, `name`, `email`, `email_verified_at`, `password`, `remember_token`, `created_at`, `updated_at`, `idtarifa`, `ciclo_facturacion`) VALUES
	(1, 'adminsuper', 'admin@hot.com', NULL, '$2y$10$MK3waKBF8F6VIwnvvE2DU.BPDxKcfCPhXXoL0PnhZWj2mSJw94yzm', 'xlR6fzL4cp3ULtwjAtNpHwUXyEfSiZqeLb6D0q5mWzvDkzrin31STAbRIguc', '2023-11-23 03:15:21', '2023-11-23 03:15:21', 1, 2);

-- Volcando estructura para vista medidorelectrico.usersviewtest
-- Creando tabla temporal para superar errores de dependencia de VIEW
CREATE TABLE `usersviewtest` (
	`id` BIGINT(20) UNSIGNED NOT NULL,
	`name` VARCHAR(191) NOT NULL COLLATE 'utf8mb3_unicode_ci',
	`email` VARCHAR(191) NOT NULL COLLATE 'utf8mb3_unicode_ci',
	`email_verified_at` TIMESTAMP NULL,
	`password` VARCHAR(191) NOT NULL COLLATE 'utf8mb3_unicode_ci',
	`remember_token` VARCHAR(100) NULL COLLATE 'utf8mb3_unicode_ci',
	`created_at` TIMESTAMP NULL,
	`updated_at` TIMESTAMP NULL
) ENGINE=MyISAM;

-- Volcando estructura para vista medidorelectrico.kwh_user
-- Eliminando tabla temporal y crear estructura final de VIEW
DROP TABLE IF EXISTS `kwh_user`;
CREATE ALGORITHM=UNDEFINED SQL SECURITY DEFINER VIEW `kwh_user` AS select sum(`r`.`kwh`) AS `kwh` from ((`readings` `r` join `sensors` `s` on((`s`.`id` = `r`.`id`))) join `users` `u` on((`u`.`id` = `s`.`id_user`))) where ((`u`.`id` = 1) and (`r`.`date` between '2023-09-28' and '2023-11-28'));

-- Volcando estructura para vista medidorelectrico.sensorreading
-- Eliminando tabla temporal y crear estructura final de VIEW
DROP TABLE IF EXISTS `sensorreading`;
CREATE ALGORITHM=UNDEFINED SQL SECURITY DEFINER VIEW `sensorreading` AS select `r`.`date` AS `date`,`r`.`kwh` AS `kwh`,`s`.`nombre` AS `nombre` from (`readings` `r` join `sensors` `s` on((`s`.`id` = `r`.`id`)));

-- Volcando estructura para vista medidorelectrico.usersviewtest
-- Eliminando tabla temporal y crear estructura final de VIEW
DROP TABLE IF EXISTS `usersviewtest`;
CREATE ALGORITHM=UNDEFINED SQL SECURITY DEFINER VIEW `usersviewtest` AS select `users`.`id` AS `id`,`users`.`name` AS `name`,`users`.`email` AS `email`,`users`.`email_verified_at` AS `email_verified_at`,`users`.`password` AS `password`,`users`.`remember_token` AS `remember_token`,`users`.`created_at` AS `created_at`,`users`.`updated_at` AS `updated_at` from `users`;

/*!40103 SET TIME_ZONE=IFNULL(@OLD_TIME_ZONE, 'system') */;
/*!40101 SET SQL_MODE=IFNULL(@OLD_SQL_MODE, '') */;
/*!40014 SET FOREIGN_KEY_CHECKS=IFNULL(@OLD_FOREIGN_KEY_CHECKS, 1) */;
/*!40101 SET CHARACTER_SET_CLIENT=@OLD_CHARACTER_SET_CLIENT */;
/*!40111 SET SQL_NOTES=IFNULL(@OLD_SQL_NOTES, 1) */;
